,ApproachID,SignalID,Latitude,Longitude,PrimaryName,SecondaryName,IPAddress,RegionID,ControllerTypeID,Enabled,DirectionTypeID,MPH,ProtectedPhaseNumber,IsProtectedPhaseOverlap,PermissivePhaseNumber,ID,DetectorID,Detector,DistanceFromStopBar,MinSpeedFilter,DateAdded,DateDisabled,LaneNumber,MovementTypeID,LaneTypeID,DecisionPoint,MovementDelay,DetectionHardwareID,TimeFromStopBar
0,3,2107,38.062176,-78.491615,US 29 (Seminole Trl.),Rt 743 (Hydraulic Rd.),50.232.117.130,5,6,True,2,,1,False,,2.0,210701,1.0,,,2017-01-05 14:49:57,,2.0,3.0,1.0,,,3.0,
1,3,2107,38.062176,-78.491615,US 29 (Seminole Trl.),Rt 743 (Hydraulic Rd.),50.232.117.130,5,6,True,2,,1,False,,3.0,210702,2.0,,,2017-01-05 15:12:32,,1.0,3.0,1.0,,,3.0,
2,4,2107,38.062176,-78.491615,US 29 (Seminole Trl.),Rt 743 (Hydraulic Rd.),50.232.117.130,5,6,True,1,,5,False,,7.0,210703,3.0,,,2017-01-05 15:14:43,,2.0,3.0,1.0,,,3.0,
3,4,2107,38.062176,-78.491615,US 29 (Seminole Trl.),Rt 743 (Hydraulic Rd.),50.232.117.130,5,6,True,1,,5,False,,8.0,210704,4.0,,,2017-01-05 15:14:52,,1.0,3.0,1.0,,,3.0,
4,5,2107,38.062176,-78.491615,US 29 (Seminole Trl.),Rt 743 (Hydraulic Rd.),50.232.117.130,5,6,True,3,,3,False,,12.0,210705,5.0,,,2017-01-05 15:15:54,,2.0,3.0,1.0,,,3.0,
5,5,2107,38.062176,-78.491615,US 29 (Seminole Trl.),Rt 743 (Hydraulic Rd.),50.232.117.130,5,6,True,3,,3,False,,13.0,210706,6.0,,,2017-01-05 15:16:06,,1.0,3.0,1.0,,,3.0,
6,6,2107,38.062176,-78.491615,US 29 (Seminole Trl.),Rt 743 (Hydraulic Rd.),50.232.117.130,5,6,True,4,,4,False,,19.0,210709,9.0,,,2017-01-05 15:17:18,,2.0,1.0,1.0,,,3.0,
7,6,2107,38.062176,-78.491615,US 29 (Seminole Trl.),Rt 743 (Hydraulic Rd.),50.232.117.130,5,6,True,4,,4,False,,20.0,210710,10.0,,,2017-01-05 15:17:35,,1.0,1.0,1.0,,,3.0,
8,7,2109,38.070151,-78.484520,US 29 (Seminole Trl.),Greenbrier Dr.,50.232.117.148,5,6,True,2,,1,False,,88.0,210901,1.0,,,2017-02-03 14:05:22,,1.0,3.0,1.0,,,3.0,
9,12,2107,38.062176,-78.491615,US 29 (Seminole Trl.),Rt 743 (Hydraulic Rd.),50.232.117.130,5,6,True,3,,8,False,,44.0,210719,19.0,,,2017-01-16 14:46:24,,2.0,1.0,1.0,,,3.0,
10,12,2107,38.062176,-78.491615,US 29 (Seminole Trl.),Rt 743 (Hydraulic Rd.),50.232.117.130,5,6,True,3,,8,False,,45.0,210720,20.0,,,2017-01-16 14:46:45,,1.0,1.0,1.0,,,3.0,
11,13,2107,38.062176,-78.491615,US 29 (Seminole Trl.),Rt 743 (Hydraulic Rd.),50.232.117.130,5,6,True,4,,7,False,,50.0,210717,17.0,,,2017-01-16 14:49:35,,1.0,3.0,1.0,,,3.0,
12,14,2107,38.062176,-78.491615,US 29 (Seminole Trl.),Rt 743 (Hydraulic Rd.),50.232.117.130,5,6,True,2,45.0,6,False,,53.0,210712,12.0,230.0,,2017-01-16 14:54:54,,3.0,1.0,1.0,0.0,,3.0,3.484848484848485
13,14,2107,38.062176,-78.491615,US 29 (Seminole Trl.),Rt 743 (Hydraulic Rd.),50.232.117.130,5,6,True,2,45.0,6,False,,54.0,210714,14.0,230.0,,2017-01-16 14:54:54,,2.0,1.0,1.0,0.0,,3.0,3.484848484848485
14,14,2107,38.062176,-78.491615,US 29 (Seminole Trl.),Rt 743 (Hydraulic Rd.),50.232.117.130,5,6,True,2,45.0,6,False,,55.0,210716,16.0,230.0,,2017-01-16 14:54:54,,1.0,1.0,1.0,0.0,,3.0,3.484848484848485
15,15,2107,38.062176,-78.491615,US 29 (Seminole Trl.),Rt 743 (Hydraulic Rd.),50.232.117.130,5,6,True,1,40.0,2,False,,58.0,210711,11.0,230.0,,2017-01-16 15:25:04,,1.0,4.0,1.0,0.0,,3.0,3.9204545454545454
16,15,2107,38.062176,-78.491615,US 29 (Seminole Trl.),Rt 743 (Hydraulic Rd.),50.232.117.130,5,6,True,1,40.0,2,False,,59.0,210713,13.0,230.0,,2017-01-16 15:25:04,,2.0,1.0,1.0,0.0,,3.0,3.9204545454545454
17,15,2107,38.062176,-78.491615,US 29 (Seminole Trl.),Rt 743 (Hydraulic Rd.),50.232.117.130,5,6,True,1,40.0,2,False,,60.0,210715,15.0,230.0,,2017-01-16 15:25:04,,1.0,1.0,1.0,0.0,,3.0,3.9204545454545454
18,16,2107,38.062176,-78.491615,US 29 (Seminole Trl.),Rt 743 (Hydraulic Rd.),50.232.117.130,5,6,True,4,,4,True,1.0,61.0,210707,7.0,,,2017-01-17 08:36:04,,2.0,2.0,1.0,,,3.0,
19,16,2107,38.062176,-78.491615,US 29 (Seminole Trl.),Rt 743 (Hydraulic Rd.),50.232.117.130,5,6,True,4,,4,True,1.0,62.0,210708,8.0,,,2017-01-17 08:36:04,,1.0,2.0,1.0,,,3.0,
20,17,2107,38.062176,-78.491615,US 29 (Seminole Trl.),Rt 743 (Hydraulic Rd.),50.232.117.130,5,6,True,3,,8,True,5.0,65.0,210718,18.0,,,2017-01-17 08:37:42,,1.0,2.0,1.0,,,3.0,
21,18,2108,38.065835,-78.488190,US 29 (Seminole Trl.),Seminole Ct.,50.232.117.136,5,6,True,2,,1,False,,68.0,210801,1.0,,,2017-01-24 14:24:28,,2.0,3.0,1.0,,,3.0,
22,18,2108,38.065835,-78.488190,US 29 (Seminole Trl.),Seminole Ct.,50.232.117.136,5,6,True,2,,1,False,,69.0,210802,2.0,,,2017-01-24 14:25:04,,1.0,3.0,1.0,,,3.0,
23,19,2108,38.065835,-78.488190,US 29 (Seminole Trl.),Seminole Ct.,50.232.117.136,5,6,True,1,45.0,2,False,,70.0,210809,9.0,330.0,,2017-01-24 14:26:56,,4.0,1.0,1.0,0.0,,3.0,5.0
24,19,2108,38.065835,-78.488190,US 29 (Seminole Trl.),Seminole Ct.,50.232.117.136,5,6,True,1,45.0,2,False,,71.0,210811,11.0,330.0,,2017-01-24 14:28:24,,3.0,1.0,1.0,0.0,,3.0,5.0
25,19,2108,38.065835,-78.488190,US 29 (Seminole Trl.),Seminole Ct.,50.232.117.136,5,6,True,1,45.0,2,False,,72.0,210813,13.0,330.0,,2017-01-24 14:28:46,,2.0,1.0,1.0,0.0,,3.0,5.0
26,19,2108,38.065835,-78.488190,US 29 (Seminole Trl.),Seminole Ct.,50.232.117.136,5,6,True,1,45.0,2,False,,73.0,210815,15.0,330.0,,2017-01-24 14:29:11,,1.0,1.0,1.0,0.0,,3.0,5.0
27,22,2108,38.065835,-78.488190,US 29 (Seminole Trl.),Seminole Ct.,50.232.117.136,5,6,True,4,,4,False,,77.0,210804,4.0,,,2017-01-24 14:33:55,,1.0,2.0,1.0,,,3.0,
28,22,2108,38.065835,-78.488190,US 29 (Seminole Trl.),Seminole Ct.,50.232.117.136,5,6,True,4,,4,False,,78.0,210806,6.0,,,2017-01-24 14:34:10,,1.0,5.0,1.0,,,3.0,
29,23,2108,38.065835,-78.488190,US 29 (Seminole Trl.),Seminole Ct.,50.232.117.136,5,6,True,1,,5,False,,79.0,210803,3.0,,,2017-01-24 14:34:45,,1.0,3.0,1.0,,,3.0,
30,24,2108,38.065835,-78.488190,US 29 (Seminole Trl.),Seminole Ct.,50.232.117.136,5,6,True,2,45.0,6,False,,80.0,210808,8.0,330.0,,2017-01-24 14:39:35,,5.0,1.0,1.0,0.0,,3.0,5.0
31,24,2108,38.065835,-78.488190,US 29 (Seminole Trl.),Seminole Ct.,50.232.117.136,5,6,True,2,45.0,6,False,,81.0,210810,10.0,330.0,,2017-01-24 14:40:05,,4.0,1.0,1.0,0.0,,3.0,5.0
32,24,2108,38.065835,-78.488190,US 29 (Seminole Trl.),Seminole Ct.,50.232.117.136,5,6,True,2,45.0,6,False,,82.0,210812,12.0,330.0,,2017-01-24 14:40:38,,3.0,1.0,1.0,0.0,,3.0,5.0
33,24,2108,38.065835,-78.488190,US 29 (Seminole Trl.),Seminole Ct.,50.232.117.136,5,6,True,2,45.0,6,False,,83.0,210814,14.0,330.0,,2017-01-24 14:40:57,,2.0,1.0,1.0,0.0,,3.0,5.0
34,24,2108,38.065835,-78.488190,US 29 (Seminole Trl.),Seminole Ct.,50.232.117.136,5,6,True,2,45.0,6,False,,84.0,210816,16.0,330.0,,2017-01-24 14:41:15,,1.0,1.0,1.0,0.0,,3.0,5.0
35,25,2108,38.065835,-78.488190,US 29 (Seminole Trl.),Seminole Ct.,50.232.117.136,5,6,True,3,,8,False,,85.0,210805,5.0,,,2017-01-24 14:43:19,,1.0,4.0,1.0,,,3.0,
36,25,2108,38.065835,-78.488190,US 29 (Seminole Trl.),Seminole Ct.,50.232.117.136,5,6,True,3,,8,False,,87.0,210807,7.0,,,2017-01-24 15:25:05,,1.0,3.0,1.0,,,3.0,
37,26,2109,38.070151,-78.484520,US 29 (Seminole Trl.),Greenbrier Dr.,50.232.117.148,5,6,True,2,45.0,6,False,,90.0,210910,10.0,330.0,,2017-02-03 14:06:57,,4.0,1.0,1.0,0.0,,3.0,5.0
38,26,2109,38.070151,-78.484520,US 29 (Seminole Trl.),Greenbrier Dr.,50.232.117.148,5,6,True,2,45.0,6,False,,91.0,210912,12.0,330.0,,2017-02-03 14:07:35,,3.0,1.0,1.0,0.0,,3.0,5.0
39,26,2109,38.070151,-78.484520,US 29 (Seminole Trl.),Greenbrier Dr.,50.232.117.148,5,6,True,2,45.0,6,False,,92.0,210914,14.0,330.0,,2017-02-03 14:07:52,,2.0,1.0,1.0,0.0,,3.0,5.0
40,26,2109,38.070151,-78.484520,US 29 (Seminole Trl.),Greenbrier Dr.,50.232.117.148,5,6,True,2,45.0,6,False,,93.0,210916,16.0,330.0,,2017-02-03 14:07:52,,1.0,1.0,1.0,0.0,,3.0,5.0
41,27,2109,38.070151,-78.484520,US 29 (Seminole Trl.),Greenbrier Dr.,50.232.117.148,5,6,True,1,,5,False,,94.0,210902,2.0,,,2017-02-03 14:11:00,,1.0,3.0,1.0,,,3.0,
42,28,2109,38.070151,-78.484520,US 29 (Seminole Trl.),Greenbrier Dr.,50.232.117.148,5,6,True,1,45.0,2,False,,95.0,210907,7.0,330.0,,2017-02-03 14:11:51,,1.0,4.0,1.0,0.0,,3.0,5.0
43,28,2109,38.070151,-78.484520,US 29 (Seminole Trl.),Greenbrier Dr.,50.232.117.148,5,6,True,1,45.0,2,False,,96.0,210909,9.0,330.0,,2017-02-03 14:12:36,,4.0,1.0,1.0,0.0,,3.0,5.0
44,28,2109,38.070151,-78.484520,US 29 (Seminole Trl.),Greenbrier Dr.,50.232.117.148,5,6,True,1,45.0,2,False,,97.0,210911,11.0,330.0,,2017-02-03 14:12:37,,3.0,1.0,1.0,0.0,,3.0,5.0
45,28,2109,38.070151,-78.484520,US 29 (Seminole Trl.),Greenbrier Dr.,50.232.117.148,5,6,True,1,45.0,2,False,,98.0,210913,13.0,330.0,,2017-02-03 14:12:38,,2.0,1.0,1.0,0.0,,3.0,5.0
46,28,2109,38.070151,-78.484520,US 29 (Seminole Trl.),Greenbrier Dr.,50.232.117.148,5,6,True,1,45.0,2,False,,99.0,210915,15.0,330.0,,2017-02-03 14:12:39,,1.0,1.0,1.0,0.0,,3.0,5.0
47,29,2109,38.070151,-78.484520,US 29 (Seminole Trl.),Greenbrier Dr.,50.232.117.148,5,6,True,3,,3,False,,100.0,210903,3.0,,,2017-02-03 14:16:01,,1.0,3.0,1.0,,,3.0,
48,30,2109,38.070151,-78.484520,US 29 (Seminole Trl.),Greenbrier Dr.,50.232.117.148,5,6,True,3,,8,False,,101.0,210906,6.0,,,2017-02-03 14:16:42,,1.0,2.0,1.0,,,3.0,
49,30,2109,38.070151,-78.484520,US 29 (Seminole Trl.),Greenbrier Dr.,50.232.117.148,5,6,True,3,,8,False,,102.0,210908,8.0,,,2017-02-03 14:16:57,,1.0,1.0,1.0,,,3.0,
50,31,2109,38.070151,-78.484520,US 29 (Seminole Trl.),Greenbrier Dr.,50.232.117.148,5,6,True,4,,7,False,,103.0,210905,5.0,,,2017-02-03 14:19:05,,1.0,3.0,1.0,,,3.0,
51,32,2109,38.070151,-78.484520,US 29 (Seminole Trl.),Greenbrier Dr.,50.232.117.148,5,6,True,4,,4,False,,104.0,210904,4.0,,,2017-02-03 14:19:35,,1.0,4.0,1.0,,,3.0,
52,39,2114,38.087917,-78.470487,US 29 (Seminole Trl.),Rt 1417 (Woodbrook Dr.),50.232.117.190,5,6,True,2,,1,False,,120.0,211401,1.0,,,2017-02-03 15:04:03,,1.0,3.0,1.0,,,3.0,
53,40,2114,38.087917,-78.470487,US 29 (Seminole Trl.),Rt 1417 (Woodbrook Dr.),50.232.117.190,5,6,True,2,45.0,6,False,,121.0,211410,10.0,330.0,,2017-02-03 15:19:20,,4.0,1.0,1.0,0.0,,3.0,5.0
54,40,2114,38.087917,-78.470487,US 29 (Seminole Trl.),Rt 1417 (Woodbrook Dr.),50.232.117.190,5,6,True,2,45.0,6,False,,122.0,211412,12.0,330.0,,2017-02-03 15:19:23,,3.0,1.0,1.0,0.0,,3.0,5.0
55,40,2114,38.087917,-78.470487,US 29 (Seminole Trl.),Rt 1417 (Woodbrook Dr.),50.232.117.190,5,6,True,2,45.0,6,False,,123.0,211414,14.0,330.0,,2017-02-03 15:19:23,,2.0,1.0,1.0,0.0,,3.0,5.0
56,40,2114,38.087917,-78.470487,US 29 (Seminole Trl.),Rt 1417 (Woodbrook Dr.),50.232.117.190,5,6,True,2,45.0,6,False,,124.0,211416,16.0,330.0,,2017-02-03 15:19:24,,1.0,1.0,1.0,0.0,,3.0,5.0
57,41,2114,38.087917,-78.470487,US 29 (Seminole Trl.),Rt 1417 (Woodbrook Dr.),50.232.117.190,5,6,True,1,,5,False,,125.0,211402,2.0,,,2017-02-03 15:24:16,,2.0,3.0,1.0,,,3.0,
58,41,2114,38.087917,-78.470487,US 29 (Seminole Trl.),Rt 1417 (Woodbrook Dr.),50.232.117.190,5,6,True,1,,5,False,,126.0,211404,4.0,,,2017-02-03 15:24:19,,1.0,3.0,1.0,,,3.0,
59,42,2114,38.087917,-78.470487,US 29 (Seminole Trl.),Rt 1417 (Woodbrook Dr.),50.232.117.190,5,6,True,1,45.0,2,False,,127.0,211409,9.0,330.0,,2017-02-03 15:24:55,,4.0,1.0,1.0,0.0,,3.0,5.0
60,42,2114,38.087917,-78.470487,US 29 (Seminole Trl.),Rt 1417 (Woodbrook Dr.),50.232.117.190,5,6,True,1,45.0,2,False,,128.0,211411,11.0,330.0,,2017-02-03 15:24:59,,3.0,1.0,1.0,0.0,,3.0,5.0
61,42,2114,38.087917,-78.470487,US 29 (Seminole Trl.),Rt 1417 (Woodbrook Dr.),50.232.117.190,5,6,True,1,45.0,2,False,,129.0,211413,13.0,330.0,,2017-02-03 15:25:00,,2.0,1.0,1.0,0.0,,3.0,5.0
62,42,2114,38.087917,-78.470487,US 29 (Seminole Trl.),Rt 1417 (Woodbrook Dr.),50.232.117.190,5,6,True,1,45.0,2,False,,130.0,211415,15.0,330.0,,2017-02-03 15:25:01,,1.0,1.0,1.0,0.0,,3.0,5.0
63,43,2114,38.087917,-78.470487,US 29 (Seminole Trl.),Rt 1417 (Woodbrook Dr.),50.232.117.190,5,6,True,3,,3,False,,131.0,211403,3.0,,,2017-02-03 15:27:28,,1.0,2.0,1.0,,,3.0,
64,43,2114,38.087917,-78.470487,US 29 (Seminole Trl.),Rt 1417 (Woodbrook Dr.),50.232.117.190,5,6,True,3,,3,False,,132.0,211405,5.0,,,2017-02-03 15:27:29,,1.0,5.0,1.0,,,3.0,
65,43,2114,38.087917,-78.470487,US 29 (Seminole Trl.),Rt 1417 (Woodbrook Dr.),50.232.117.190,5,6,True,3,,3,False,,133.0,211406,6.0,,,2017-02-03 15:27:30,,1.0,3.0,1.0,,,3.0,
66,44,2114,38.087917,-78.470487,US 29 (Seminole Trl.),Rt 1417 (Woodbrook Dr.),50.232.117.190,5,6,True,4,,4,False,,134.0,211407,7.0,,,2017-02-03 15:36:14,,1.0,5.0,1.0,,,3.0,
67,44,2114,38.087917,-78.470487,US 29 (Seminole Trl.),Rt 1417 (Woodbrook Dr.),50.232.117.190,5,6,True,4,,4,False,,135.0,211408,8.0,,,2017-02-03 15:36:34,,1.0,3.0,1.0,,,3.0,
68,45,2125,38.073895,-78.480800,US 29 (Seminole Trl.),Branchlands Blvd.,50.232.117.154,5,6,True,2,,1,False,,136.0,212501,1.0,,,2017-02-05 22:39:23,,2.0,3.0,1.0,,,3.0,
69,45,2125,38.073895,-78.480800,US 29 (Seminole Trl.),Branchlands Blvd.,50.232.117.154,5,6,True,2,,1,False,,137.0,212502,2.0,,,2017-02-05 22:39:25,,1.0,3.0,1.0,,,3.0,
70,46,2125,38.073895,-78.480800,US 29 (Seminole Trl.),Branchlands Blvd.,50.232.117.154,5,6,True,2,45.0,6,False,,138.0,212510,10.0,330.0,,2017-02-05 22:40:11,,1.0,4.0,1.0,0.0,,3.0,5.0
71,46,2125,38.073895,-78.480800,US 29 (Seminole Trl.),Branchlands Blvd.,50.232.117.154,5,6,True,2,45.0,6,False,,139.0,212512,12.0,330.0,,2017-02-05 22:40:11,,3.0,1.0,1.0,0.0,,3.0,5.0
72,46,2125,38.073895,-78.480800,US 29 (Seminole Trl.),Branchlands Blvd.,50.232.117.154,5,6,True,2,45.0,6,False,,140.0,212514,14.0,330.0,,2017-02-05 22:40:12,,2.0,1.0,1.0,0.0,,3.0,5.0
73,46,2125,38.073895,-78.480800,US 29 (Seminole Trl.),Branchlands Blvd.,50.232.117.154,5,6,True,2,45.0,6,False,,141.0,212516,16.0,330.0,,2017-02-05 22:40:13,,1.0,1.0,1.0,0.0,,3.0,5.0
74,47,2125,38.073895,-78.480800,US 29 (Seminole Trl.),Branchlands Blvd.,50.232.117.154,5,6,True,1,,5,False,,142.0,212503,3.0,,,2017-02-05 22:42:14,,1.0,3.0,1.0,,,3.0,
75,48,2125,38.073895,-78.480800,US 29 (Seminole Trl.),Branchlands Blvd.,50.232.117.154,5,6,True,1,45.0,2,False,,143.0,212509,9.0,330.0,,2017-02-05 22:42:40,,4.0,1.0,1.0,0.0,,3.0,5.0
76,48,2125,38.073895,-78.480800,US 29 (Seminole Trl.),Branchlands Blvd.,50.232.117.154,5,6,True,1,45.0,2,False,,144.0,212511,11.0,330.0,,2017-02-05 22:42:42,,3.0,1.0,1.0,0.0,,3.0,5.0
77,48,2125,38.073895,-78.480800,US 29 (Seminole Trl.),Branchlands Blvd.,50.232.117.154,5,6,True,1,45.0,2,False,,145.0,212513,13.0,330.0,,2017-02-05 22:42:43,,2.0,1.0,1.0,0.0,,3.0,5.0
78,48,2125,38.073895,-78.480800,US 29 (Seminole Trl.),Branchlands Blvd.,50.232.117.154,5,6,True,1,45.0,2,False,,146.0,212515,15.0,330.0,,2017-02-05 22:42:44,,1.0,1.0,1.0,0.0,,3.0,5.0
79,49,2125,38.073895,-78.480800,US 29 (Seminole Trl.),Branchlands Blvd.,50.232.117.154,5,6,True,3,,4,False,,147.0,212507,7.0,,,2017-02-05 22:44:34,,1.0,2.0,1.0,,,3.0,
80,49,2125,38.073895,-78.480800,US 29 (Seminole Trl.),Branchlands Blvd.,50.232.117.154,5,6,True,3,,4,False,,148.0,212508,8.0,,,2017-02-05 22:44:35,,1.0,5.0,1.0,,,3.0,
81,50,2125,38.073895,-78.480800,US 29 (Seminole Trl.),Branchlands Blvd.,50.232.117.154,5,6,True,4,,4,False,,149.0,212504,4.0,,,2017-02-05 22:47:07,,1.0,2.0,1.0,,,3.0,
82,50,2125,38.073895,-78.480800,US 29 (Seminole Trl.),Branchlands Blvd.,50.232.117.154,5,6,True,4,,4,False,,150.0,212505,5.0,,,2017-02-05 22:47:08,,1.0,1.0,1.0,,,3.0,
83,50,2125,38.073895,-78.480800,US 29 (Seminole Trl.),Branchlands Blvd.,50.232.117.154,5,6,True,4,,4,False,,151.0,212506,6.0,,,2017-02-05 22:47:28,,1.0,3.0,1.0,,,3.0,
84,51,2128,38.129852,-78.438167,US 29 (Seminole Trl.),Timberwood Blvd.,50.232.117.236,5,6,True,2,,1,False,,152.0,212801,1.0,,,2017-02-05 22:50:00,,2.0,3.0,1.0,,,3.0,
85,51,2128,38.129852,-78.438167,US 29 (Seminole Trl.),Timberwood Blvd.,50.232.117.236,5,6,True,2,,1,False,,153.0,212802,2.0,,,2017-02-05 22:50:07,,1.0,3.0,1.0,,,3.0,
86,52,2128,38.129852,-78.438167,US 29 (Seminole Trl.),Timberwood Blvd.,50.232.117.236,5,6,True,2,45.0,6,False,,154.0,212812,12.0,330.0,,2017-02-05 22:50:29,,1.0,2.0,1.0,0.0,,3.0,5.0
87,52,2128,38.129852,-78.438167,US 29 (Seminole Trl.),Timberwood Blvd.,50.232.117.236,5,6,True,2,45.0,6,False,,155.0,212814,14.0,330.0,,2017-02-05 22:51:14,,2.0,1.0,1.0,0.0,,3.0,5.0
88,52,2128,38.129852,-78.438167,US 29 (Seminole Trl.),Timberwood Blvd.,50.232.117.236,5,6,True,2,45.0,6,False,,156.0,212816,16.0,330.0,,2017-02-05 22:51:14,,1.0,1.0,1.0,0.0,,3.0,5.0
89,53,2128,38.129852,-78.438167,US 29 (Seminole Trl.),Timberwood Blvd.,50.232.117.236,5,6,True,1,,5,False,,157.0,212803,3.0,,,2017-02-05 22:51:59,,2.0,3.0,1.0,,,3.0,
90,53,2128,38.129852,-78.438167,US 29 (Seminole Trl.),Timberwood Blvd.,50.232.117.236,5,6,True,1,,5,False,,158.0,212804,4.0,,,2017-02-05 22:52:01,,1.0,3.0,1.0,,,3.0,
91,54,2128,38.129852,-78.438167,US 29 (Seminole Trl.),Timberwood Blvd.,50.232.117.236,5,6,True,1,45.0,2,False,,159.0,212811,11.0,330.0,,2017-02-05 22:52:37,,3.0,1.0,1.0,0.0,,3.0,5.0
92,54,2128,38.129852,-78.438167,US 29 (Seminole Trl.),Timberwood Blvd.,50.232.117.236,5,6,True,1,45.0,2,False,,160.0,212813,13.0,330.0,,2017-02-05 22:52:37,,2.0,1.0,1.0,0.0,,3.0,5.0
93,54,2128,38.129852,-78.438167,US 29 (Seminole Trl.),Timberwood Blvd.,50.232.117.236,5,6,True,1,45.0,2,False,,161.0,212815,15.0,330.0,,2017-02-05 22:52:38,,1.0,1.0,1.0,0.0,,3.0,5.0
94,55,2128,38.129852,-78.438167,US 29 (Seminole Trl.),Timberwood Blvd.,50.232.117.236,5,6,True,3,,4,False,,162.0,212809,9.0,,,2017-02-05 22:56:45,,2.0,3.0,1.0,,,3.0,
95,55,2128,38.129852,-78.438167,US 29 (Seminole Trl.),Timberwood Blvd.,50.232.117.236,5,6,True,3,,4,False,,163.0,212810,10.0,,,2017-02-05 22:56:45,,1.0,3.0,1.0,,,3.0,
96,55,2128,38.129852,-78.438167,US 29 (Seminole Trl.),Timberwood Blvd.,50.232.117.236,5,6,True,3,,4,False,,261.0,212808,8.0,,,2017-02-14 10:28:01,,1.0,1.0,1.0,,,3.0,
97,57,2128,38.129852,-78.438167,US 29 (Seminole Trl.),Timberwood Blvd.,50.232.117.236,5,6,True,4,,3,False,,165.0,212806,6.0,,,2017-02-05 22:57:58,,2.0,3.0,1.0,,,3.0,
98,57,2128,38.129852,-78.438167,US 29 (Seminole Trl.),Timberwood Blvd.,50.232.117.236,5,6,True,4,,3,False,,166.0,212807,7.0,,,2017-02-05 22:57:59,,1.0,3.0,1.0,,,3.0,
99,57,2128,38.129852,-78.438167,US 29 (Seminole Trl.),Timberwood Blvd.,50.232.117.236,5,6,True,4,,3,False,,262.0,212805,5.0,,,2017-02-14 10:28:38,,1.0,1.0,1.0,,,3.0,
100,59,2129,38.097085,-78.464681,US 29 (Seminole Trl.),Hilton Heights Rd./Seminole Ln.,50.232.117.206,5,6,True,2,,1,False,,168.0,212901,1.0,,,2017-02-05 22:59:50,,1.0,3.0,1.0,,,3.0,
101,60,2129,38.097085,-78.464681,US 29 (Seminole Trl.),Hilton Heights Rd./Seminole Ln.,50.232.117.206,5,6,True,2,45.0,6,False,,169.0,212910,10.0,330.0,,2017-02-05 23:00:29,,4.0,1.0,1.0,0.0,,3.0,5.0
102,60,2129,38.097085,-78.464681,US 29 (Seminole Trl.),Hilton Heights Rd./Seminole Ln.,50.232.117.206,5,6,True,2,45.0,6,False,,170.0,212912,12.0,330.0,,2017-02-05 23:00:36,,3.0,1.0,1.0,0.0,,3.0,5.0
103,60,2129,38.097085,-78.464681,US 29 (Seminole Trl.),Hilton Heights Rd./Seminole Ln.,50.232.117.206,5,6,True,2,45.0,6,False,,171.0,212914,14.0,330.0,,2017-02-05 23:00:37,,2.0,1.0,1.0,0.0,,3.0,5.0
104,60,2129,38.097085,-78.464681,US 29 (Seminole Trl.),Hilton Heights Rd./Seminole Ln.,50.232.117.206,5,6,True,2,45.0,6,False,,172.0,212916,16.0,330.0,,2017-02-05 23:00:38,,1.0,1.0,1.0,0.0,,3.0,5.0
105,61,2129,38.097085,-78.464681,US 29 (Seminole Trl.),Hilton Heights Rd./Seminole Ln.,50.232.117.206,5,6,True,1,,5,False,,173.0,212902,2.0,,,2017-02-05 23:01:51,,2.0,3.0,1.0,,,3.0,
106,61,2129,38.097085,-78.464681,US 29 (Seminole Trl.),Hilton Heights Rd./Seminole Ln.,50.232.117.206,5,6,True,1,,5,False,,174.0,212904,4.0,,,2017-02-05 23:01:52,,1.0,3.0,1.0,,,3.0,
107,63,2129,38.097085,-78.464681,US 29 (Seminole Trl.),Hilton Heights Rd./Seminole Ln.,50.232.117.206,5,6,True,1,45.0,2,False,,179.0,212909,9.0,330.0,,2017-02-05 23:08:10,,1.0,4.0,1.0,0.0,,3.0,5.0
108,63,2129,38.097085,-78.464681,US 29 (Seminole Trl.),Hilton Heights Rd./Seminole Ln.,50.232.117.206,5,6,True,1,45.0,2,False,,180.0,212911,11.0,330.0,,2017-02-05 23:08:32,,3.0,1.0,1.0,0.0,,3.0,5.0
109,63,2129,38.097085,-78.464681,US 29 (Seminole Trl.),Hilton Heights Rd./Seminole Ln.,50.232.117.206,5,6,True,1,45.0,2,False,,181.0,212913,13.0,330.0,,2017-02-05 23:08:54,,2.0,1.0,1.0,0.0,,3.0,5.0
110,63,2129,38.097085,-78.464681,US 29 (Seminole Trl.),Hilton Heights Rd./Seminole Ln.,50.232.117.206,5,6,True,1,45.0,2,False,,182.0,212915,15.0,330.0,,2017-02-05 23:09:10,,1.0,1.0,1.0,0.0,,3.0,5.0
111,64,2129,38.097085,-78.464681,US 29 (Seminole Trl.),Hilton Heights Rd./Seminole Ln.,50.232.117.206,5,6,True,3,,3,False,,183.0,212903,3.0,,,2017-02-05 23:10:44,,1.0,2.0,1.0,,,3.0,
112,64,2129,38.097085,-78.464681,US 29 (Seminole Trl.),Hilton Heights Rd./Seminole Ln.,50.232.117.206,5,6,True,3,,3,False,,184.0,212905,5.0,,,2017-02-05 23:10:56,,1.0,5.0,1.0,,,3.0,
113,64,2129,38.097085,-78.464681,US 29 (Seminole Trl.),Hilton Heights Rd./Seminole Ln.,50.232.117.206,5,6,True,3,,3,False,,185.0,212906,6.0,,,2017-02-05 23:11:09,,1.0,3.0,1.0,,,3.0,
114,65,2129,38.097085,-78.464681,US 29 (Seminole Trl.),Hilton Heights Rd./Seminole Ln.,50.232.117.206,5,6,True,4,,4,False,,186.0,212907,7.0,,,2017-02-05 23:13:07,,1.0,4.0,1.0,,,3.0,
115,65,2129,38.097085,-78.464681,US 29 (Seminole Trl.),Hilton Heights Rd./Seminole Ln.,50.232.117.206,5,6,True,4,,4,False,,187.0,212908,8.0,,,2017-02-05 23:13:21,,1.0,3.0,1.0,,,3.0,
116,66,2146,38.091944,-78.468089,US 29 (Seminole Trl.),Gander Dr.,50.232.117.195,5,6,True,2,,1,False,,188.0,214601,1.0,,,2017-02-05 23:14:31,,2.0,3.0,1.0,,,3.0,
117,66,2146,38.091944,-78.468089,US 29 (Seminole Trl.),Gander Dr.,50.232.117.195,5,6,True,2,,1,False,,189.0,214602,2.0,,,2017-02-05 23:14:34,,1.0,3.0,1.0,,,3.0,
118,67,2146,38.091944,-78.468089,US 29 (Seminole Trl.),Gander Dr.,50.232.117.195,5,6,True,2,45.0,6,False,,190.0,214610,10.0,330.0,,2017-02-05 23:15:06,,1.0,4.0,1.0,0.0,,3.0,5.0
119,67,2146,38.091944,-78.468089,US 29 (Seminole Trl.),Gander Dr.,50.232.117.195,5,6,True,2,45.0,6,False,,191.0,214612,12.0,330.0,,2017-02-05 23:15:06,,3.0,1.0,1.0,0.0,,3.0,5.0
120,67,2146,38.091944,-78.468089,US 29 (Seminole Trl.),Gander Dr.,50.232.117.195,5,6,True,2,45.0,6,False,,192.0,214614,14.0,330.0,,2017-02-05 23:15:07,,2.0,1.0,1.0,0.0,,3.0,5.0
121,67,2146,38.091944,-78.468089,US 29 (Seminole Trl.),Gander Dr.,50.232.117.195,5,6,True,2,45.0,6,False,,193.0,214616,16.0,330.0,,2017-02-05 23:15:08,,1.0,1.0,1.0,0.0,,3.0,5.0
122,68,2146,38.091944,-78.468089,US 29 (Seminole Trl.),Gander Dr.,50.232.117.195,5,6,True,1,,5,False,,194.0,214603,3.0,,,2017-02-05 23:17:15,,1.0,3.0,1.0,,,3.0,
123,69,2146,38.091944,-78.468089,US 29 (Seminole Trl.),Gander Dr.,50.232.117.195,5,6,True,1,45.0,2,False,,195.0,214609,9.0,330.0,,2017-02-05 23:17:47,,4.0,1.0,1.0,0.0,,3.0,5.0
124,69,2146,38.091944,-78.468089,US 29 (Seminole Trl.),Gander Dr.,50.232.117.195,5,6,True,1,45.0,2,False,,196.0,214611,11.0,330.0,,2017-02-05 23:17:48,,3.0,1.0,1.0,0.0,,3.0,5.0
125,69,2146,38.091944,-78.468089,US 29 (Seminole Trl.),Gander Dr.,50.232.117.195,5,6,True,1,45.0,2,False,,197.0,214613,13.0,330.0,,2017-02-05 23:17:49,,2.0,1.0,1.0,0.0,,3.0,5.0
126,69,2146,38.091944,-78.468089,US 29 (Seminole Trl.),Gander Dr.,50.232.117.195,5,6,True,1,45.0,2,False,,198.0,214615,15.0,330.0,,2017-02-05 23:17:50,,1.0,1.0,1.0,0.0,,3.0,5.0
127,70,2146,38.091944,-78.468089,US 29 (Seminole Trl.),Gander Dr.,50.232.117.195,5,6,True,3,,3,False,,200.0,214606,6.0,,,2017-02-05 23:19:54,,1.0,3.0,1.0,,,3.0,
128,71,2146,38.091944,-78.468089,US 29 (Seminole Trl.),Gander Dr.,50.232.117.195,5,6,True,4,,4,False,,201.0,214607,7.0,,,2017-02-05 23:20:41,,1.0,4.0,1.0,,,3.0,
129,72,2161,38.102581,-78.460007,US 29 (Seminole Trl.),Rt 643 (Polo Grounds Rd.),50.232.117.211,5,6,True,2,,1,False,,203.0,216101,1.0,,,2017-02-05 23:22:05,,1.0,3.0,1.0,,,3.0,
130,73,2161,38.102581,-78.460007,US 29 (Seminole Trl.),Rt 643 (Polo Grounds Rd.),50.232.117.211,5,6,True,2,45.0,6,False,,204.0,216112,12.0,330.0,,2017-02-05 23:22:33,,3.0,1.0,1.0,0.0,,3.0,5.0
131,73,2161,38.102581,-78.460007,US 29 (Seminole Trl.),Rt 643 (Polo Grounds Rd.),50.232.117.211,5,6,True,2,45.0,6,False,,205.0,216114,14.0,330.0,,2017-02-05 23:22:34,,2.0,1.0,1.0,0.0,,3.0,5.0
132,73,2161,38.102581,-78.460007,US 29 (Seminole Trl.),Rt 643 (Polo Grounds Rd.),50.232.117.211,5,6,True,2,45.0,6,False,,206.0,216116,16.0,330.0,,2017-02-05 23:22:35,,1.0,1.0,1.0,0.0,,3.0,5.0
133,74,2161,38.102581,-78.460007,US 29 (Seminole Trl.),Rt 643 (Polo Grounds Rd.),50.232.117.211,5,6,True,1,,5,False,,207.0,216102,2.0,,,2017-02-05 23:23:32,,1.0,3.0,1.0,,,3.0,
134,75,2161,38.102581,-78.460007,US 29 (Seminole Trl.),Rt 643 (Polo Grounds Rd.),50.232.117.211,5,6,True,1,45.0,2,False,,208.0,216111,11.0,330.0,,2017-02-05 23:23:56,,3.0,1.0,1.0,0.0,,3.0,5.0
135,75,2161,38.102581,-78.460007,US 29 (Seminole Trl.),Rt 643 (Polo Grounds Rd.),50.232.117.211,5,6,True,1,45.0,2,False,,209.0,216113,13.0,330.0,,2017-02-05 23:23:57,,2.0,1.0,1.0,0.0,,3.0,5.0
136,75,2161,38.102581,-78.460007,US 29 (Seminole Trl.),Rt 643 (Polo Grounds Rd.),50.232.117.211,5,6,True,1,45.0,2,False,,210.0,216115,15.0,330.0,,2017-02-05 23:23:58,,1.0,1.0,1.0,0.0,,3.0,5.0
137,76,2161,38.102581,-78.460007,US 29 (Seminole Trl.),Rt 643 (Polo Grounds Rd.),50.232.117.211,5,6,True,3,,4,False,,211.0,216105,5.0,,,2017-02-05 23:27:24,,1.0,2.0,1.0,,,3.0,
138,76,2161,38.102581,-78.460007,US 29 (Seminole Trl.),Rt 643 (Polo Grounds Rd.),50.232.117.211,5,6,True,3,,4,False,,212.0,216106,6.0,,,2017-02-05 23:27:35,,1.0,5.0,1.0,,,3.0,
139,100,2161,38.102581,-78.460007,US 29 (Seminole Trl.),Rt 643 (Polo Grounds Rd.),50.232.117.211,5,6,True,4,,3,False,,263.0,216103,3.0,,,2017-02-14 11:54:47,,1.0,2.0,1.0,,,3.0,
140,100,2161,38.102581,-78.460007,US 29 (Seminole Trl.),Rt 643 (Polo Grounds Rd.),50.232.117.211,5,6,True,4,,3,False,,266.0,216104,4.0,,,2017-02-14 12:23:51,,1.0,5.0,1.0,,,3.0,
141,101,2187,38.067686,-78.486543,US 29 (Seminole Trl.),Lenox Ave.,50.232.117.142,5,6,True,1,,5,False,,267.0,218701,1.0,,,2017-02-14 12:43:32,,2.0,3.0,1.0,,,3.0,
142,101,2187,38.067686,-78.486543,US 29 (Seminole Trl.),Lenox Ave.,50.232.117.142,5,6,True,1,,5,False,,268.0,218702,2.0,,,2017-02-14 12:43:32,,1.0,3.0,1.0,,,3.0,
143,102,2187,38.067686,-78.486543,US 29 (Seminole Trl.),Lenox Ave.,50.232.117.142,5,6,True,1,45.0,2,False,,269.0,218709,9.0,330.0,,2017-02-14 12:43:52,,4.0,1.0,1.0,0.0,,3.0,5.0
144,102,2187,38.067686,-78.486543,US 29 (Seminole Trl.),Lenox Ave.,50.232.117.142,5,6,True,1,45.0,2,False,,270.0,218711,11.0,330.0,,2017-02-14 12:43:53,,3.0,1.0,1.0,0.0,,3.0,5.0
145,102,2187,38.067686,-78.486543,US 29 (Seminole Trl.),Lenox Ave.,50.232.117.142,5,6,True,1,45.0,2,False,,271.0,218713,13.0,330.0,,2017-02-14 12:43:53,,2.0,1.0,1.0,0.0,,3.0,5.0
146,102,2187,38.067686,-78.486543,US 29 (Seminole Trl.),Lenox Ave.,50.232.117.142,5,6,True,1,45.0,2,False,,272.0,218715,15.0,330.0,,2017-02-14 12:43:54,,1.0,1.0,1.0,0.0,,3.0,5.0
147,103,2187,38.067686,-78.486543,US 29 (Seminole Trl.),Lenox Ave.,50.232.117.142,5,6,True,2,45.0,6,False,,273.0,218708,8.0,330.0,,2017-02-14 12:44:51,,1.0,4.0,1.0,0.0,,3.0,5.0
148,103,2187,38.067686,-78.486543,US 29 (Seminole Trl.),Lenox Ave.,50.232.117.142,5,6,True,2,45.0,6,False,,274.0,218710,10.0,330.0,,2017-02-14 12:44:51,,4.0,1.0,1.0,0.0,,3.0,5.0
149,103,2187,38.067686,-78.486543,US 29 (Seminole Trl.),Lenox Ave.,50.232.117.142,5,6,True,2,45.0,6,False,,275.0,218712,12.0,330.0,,2017-02-14 12:44:52,,3.0,1.0,1.0,0.0,,3.0,5.0
150,103,2187,38.067686,-78.486543,US 29 (Seminole Trl.),Lenox Ave.,50.232.117.142,5,6,True,2,45.0,6,False,,276.0,218714,14.0,330.0,,2017-02-14 12:45:02,,2.0,1.0,1.0,0.0,,3.0,5.0
151,103,2187,38.067686,-78.486543,US 29 (Seminole Trl.),Lenox Ave.,50.232.117.142,5,6,True,2,45.0,6,False,,277.0,218716,16.0,330.0,,2017-02-14 12:45:07,,1.0,1.0,1.0,0.0,,3.0,5.0
152,104,2187,38.067686,-78.486543,US 29 (Seminole Trl.),Lenox Ave.,50.232.117.142,5,6,True,3,,4,False,,278.0,218706,6.0,,,2017-02-14 12:46:17,,2.0,3.0,1.0,,,3.0,
153,104,2187,38.067686,-78.486543,US 29 (Seminole Trl.),Lenox Ave.,50.232.117.142,5,6,True,3,,4,False,,279.0,218707,7.0,,,2017-02-14 12:46:17,,1.0,3.0,1.0,,,3.0,
154,105,2187,38.067686,-78.486543,US 29 (Seminole Trl.),Lenox Ave.,50.232.117.142,5,6,True,3,,4,True,5.0,280.0,218705,5.0,,,2017-02-14 12:46:42,,1.0,2.0,1.0,,,3.0,
155,107,2103,38.132210,-78.435383,US 29 (Seminole Trl.),Airport Rd.,50.232.117.242,5,6,True,2,,1,False,,282.0,210301,1.0,,,2017-03-10 00:25:01,,1.0,3.0,1.0,,,3.0,
156,108,2103,38.132210,-78.435383,US 29 (Seminole Trl.),Airport Rd.,50.232.117.242,5,6,True,2,45.0,6,False,,283.0,210314,14.0,330.0,,2017-03-10 00:26:37,,2.0,1.0,1.0,0.0,,3.0,5.0
157,108,2103,38.132210,-78.435383,US 29 (Seminole Trl.),Airport Rd.,50.232.117.242,5,6,True,2,45.0,6,False,,284.0,210316,16.0,330.0,,2017-03-10 00:27:04,,1.0,1.0,1.0,0.0,,3.0,5.0
158,109,2103,38.132210,-78.435383,US 29 (Seminole Trl.),Airport Rd.,50.232.117.242,5,6,True,1,,5,False,,285.0,210304,4.0,,,2017-03-10 00:28:57,,1.0,3.0,1.0,,,3.0,
159,109,2103,38.132210,-78.435383,US 29 (Seminole Trl.),Airport Rd.,50.232.117.242,5,6,True,1,,5,False,,286.0,210302,2.0,,,2017-03-10 00:29:18,,2.0,3.0,1.0,,,3.0,
160,110,2103,38.132210,-78.435383,US 29 (Seminole Trl.),Airport Rd.,50.232.117.242,5,6,True,1,45.0,2,False,,287.0,210315,15.0,330.0,,2017-03-10 00:29:52,,1.0,1.0,1.0,0.0,,3.0,5.0
161,110,2103,38.132210,-78.435383,US 29 (Seminole Trl.),Airport Rd.,50.232.117.242,5,6,True,1,45.0,2,False,,288.0,210313,13.0,330.0,,2017-03-10 00:30:17,,2.0,1.0,1.0,0.0,,3.0,5.0
162,111,2103,38.132210,-78.435383,US 29 (Seminole Trl.),Airport Rd.,50.232.117.242,5,6,True,4,,3,False,,289.0,210303,3.0,,,2017-03-10 00:32:03,,1.0,3.0,1.0,,,3.0,
163,112,2103,38.132210,-78.435383,US 29 (Seminole Trl.),Airport Rd.,50.232.117.242,5,6,True,4,,8,False,,290.0,210311,11.0,,,2017-03-10 00:33:00,,1.0,1.0,1.0,,,3.0,
164,112,2103,38.132210,-78.435383,US 29 (Seminole Trl.),Airport Rd.,50.232.117.242,5,6,True,4,,8,False,,291.0,210312,12.0,,,2017-03-10 00:33:19,,1.0,2.0,1.0,,,3.0,
165,113,2103,38.132210,-78.435383,US 29 (Seminole Trl.),Airport Rd.,50.232.117.242,5,6,True,3,,7,False,,292.0,210310,10.0,,,2017-03-10 00:34:26,,1.0,3.0,1.0,,,3.0,
166,113,2103,38.132210,-78.435383,US 29 (Seminole Trl.),Airport Rd.,50.232.117.242,5,6,True,3,,7,False,,293.0,210309,9.0,,,2017-03-10 00:34:42,,2.0,3.0,1.0,,,3.0,
167,114,2103,38.132210,-78.435383,US 29 (Seminole Trl.),Airport Rd.,50.232.117.242,5,6,True,3,,4,False,,294.0,210307,7.0,,,2017-03-10 00:35:25,,1.0,1.0,1.0,,,3.0,
168,115,2103,38.132210,-78.435383,US 29 (Seminole Trl.),Airport Rd.,50.232.117.242,5,6,True,3,,4,True,5.0,295.0,210306,6.0,,,2017-03-10 00:37:09,,1.0,2.0,1.0,,,3.0,
169,115,2103,38.132210,-78.435383,US 29 (Seminole Trl.),Airport Rd.,50.232.117.242,5,6,True,3,,4,True,5.0,296.0,210305,5.0,,,2017-03-10 00:37:34,,2.0,2.0,1.0,,,3.0,
170,116,30302,38.582987,-77.767823,US 17,RT 28,50.73.234.84,5,6,True,1,,5,False,,586.0,3030206,6.0,,,2018-02-06 13:28:12,,1.0,3.0,1.0,,,5.0,
171,116,30302,38.582987,-77.767823,US 17,RT 28,50.73.234.84,5,6,True,1,,5,False,,587.0,3030231,31.0,,,2018-02-06 13:28:31,,1.0,3.0,1.0,,,5.0,
172,116,30302,38.582987,-77.767823,US 17,RT 28,50.73.234.84,5,6,True,1,,5,False,,588.0,3030232,32.0,,,2018-02-06 13:28:48,,1.0,3.0,1.0,,,5.0,
173,117,30302,38.582987,-77.767823,US 17,RT 28,50.73.234.84,5,6,True,1,45.0,2,False,,298.0,3030202,2.0,200.0,,2017-04-25 10:19:46,,1.0,1.0,1.0,,,5.0,3.0303030303030303
174,117,30302,38.582987,-77.767823,US 17,RT 28,50.73.234.84,5,6,True,1,45.0,2,False,,571.0,3030219,19.0,,,2018-02-06 13:16:18,,1.0,1.0,1.0,,,5.0,
175,117,30302,38.582987,-77.767823,US 17,RT 28,50.73.234.84,5,6,True,1,45.0,2,False,,572.0,3030220,20.0,,,2018-02-06 13:16:31,,1.0,1.0,1.0,,,5.0,
176,117,30302,38.582987,-77.767823,US 17,RT 28,50.73.234.84,5,6,True,1,45.0,2,False,,573.0,3030249,49.0,330.0,,2018-02-06 13:16:52,,1.0,1.0,1.0,,,5.0,5.0
177,117,30302,38.582987,-77.767823,US 17,RT 28,50.73.234.84,5,6,True,1,45.0,2,False,,574.0,3030250,50.0,330.0,,2018-02-06 13:18:03,,2.0,1.0,1.0,,,5.0,5.0
178,117,30302,38.582987,-77.767823,US 17,RT 28,50.73.234.84,5,6,True,1,45.0,2,False,,575.0,3030203,3.0,,,2018-02-06 13:18:30,,2.0,1.0,1.0,,,5.0,
179,117,30302,38.582987,-77.767823,US 17,RT 28,50.73.234.84,5,6,True,1,45.0,2,False,,576.0,3030221,21.0,,,2018-02-06 13:19:24,,2.0,1.0,1.0,,,5.0,
180,117,30302,38.582987,-77.767823,US 17,RT 28,50.73.234.84,5,6,True,1,45.0,2,False,,577.0,3030222,22.0,,,2018-02-06 13:19:42,,2.0,1.0,1.0,,,5.0,
181,118,30302,38.582987,-77.767823,US 17,RT 28,50.73.234.84,5,6,True,2,,1,False,,299.0,3030201,1.0,,,2017-04-25 10:34:05,,1.0,3.0,1.0,,,5.0,
182,118,30302,38.582987,-77.767823,US 17,RT 28,50.73.234.84,5,6,True,2,,1,False,,569.0,3030217,17.0,,,2018-02-06 13:12:22,,1.0,3.0,1.0,,,5.0,
183,118,30302,38.582987,-77.767823,US 17,RT 28,50.73.234.84,5,6,True,2,,1,False,,570.0,3030218,18.0,,,2018-02-06 13:12:44,,1.0,3.0,1.0,,,5.0,
184,119,30302,38.582987,-77.767823,US 17,RT 28,50.73.234.84,5,6,True,2,45.0,6,False,,589.0,3030251,51.0,330.0,,2018-02-06 13:29:21,,1.0,1.0,1.0,,,5.0,5.0
185,119,30302,38.582987,-77.767823,US 17,RT 28,50.73.234.84,5,6,True,2,45.0,6,False,,590.0,3030207,7.0,,,2018-02-06 13:29:38,,1.0,1.0,1.0,,,5.0,
186,119,30302,38.582987,-77.767823,US 17,RT 28,50.73.234.84,5,6,True,2,45.0,6,False,,591.0,3030233,33.0,,,2018-02-06 13:29:56,,1.0,1.0,1.0,,,5.0,
187,119,30302,38.582987,-77.767823,US 17,RT 28,50.73.234.84,5,6,True,2,45.0,6,False,,592.0,3030234,34.0,,,2018-02-06 13:30:14,,1.0,1.0,1.0,,,5.0,
188,119,30302,38.582987,-77.767823,US 17,RT 28,50.73.234.84,5,6,True,2,45.0,6,False,,593.0,3030252,52.0,330.0,,2018-02-06 13:30:34,,2.0,1.0,1.0,,,5.0,5.0
189,119,30302,38.582987,-77.767823,US 17,RT 28,50.73.234.84,5,6,True,2,45.0,6,False,,594.0,3030208,8.0,,,2018-02-06 13:30:56,,2.0,1.0,1.0,,,5.0,
190,119,30302,38.582987,-77.767823,US 17,RT 28,50.73.234.84,5,6,True,2,45.0,6,False,,595.0,3030235,35.0,,,2018-02-06 13:31:29,,2.0,1.0,1.0,,,5.0,
191,119,30302,38.582987,-77.767823,US 17,RT 28,50.73.234.84,5,6,True,2,45.0,6,False,,596.0,3030236,36.0,,,2018-02-06 13:31:50,,2.0,1.0,1.0,,,5.0,
192,120,30302,38.582987,-77.767823,US 17,RT 28,50.73.234.84,5,6,True,3,,3,False,,579.0,3030204,4.0,,,2018-02-06 13:23:55,,1.0,3.0,1.0,,,5.0,
193,120,30302,38.582987,-77.767823,US 17,RT 28,50.73.234.84,5,6,True,3,,3,False,,580.0,3030225,25.0,,,2018-02-06 13:24:10,,1.0,3.0,1.0,,,5.0,
194,120,30302,38.582987,-77.767823,US 17,RT 28,50.73.234.84,5,6,True,3,,3,False,,581.0,3030226,26.0,,,2018-02-06 13:24:28,,1.0,3.0,1.0,,,5.0,
195,121,30302,38.582987,-77.767823,US 17,RT 28,50.73.234.84,5,6,True,3,,8,False,,601.0,3030210,10.0,,,2018-02-06 13:36:01,,1.0,1.0,1.0,,,5.0,
196,121,30302,38.582987,-77.767823,US 17,RT 28,50.73.234.84,5,6,True,3,,8,False,,602.0,3030241,41.0,,,2018-02-06 13:36:16,,1.0,1.0,1.0,,,5.0,
197,121,30302,38.582987,-77.767823,US 17,RT 28,50.73.234.84,5,6,True,3,,8,False,,603.0,3030242,42.0,,,2018-02-06 13:36:30,,1.0,1.0,1.0,,,5.0,
198,121,30302,38.582987,-77.767823,US 17,RT 28,50.73.234.84,5,6,True,3,,8,False,,604.0,3030211,11.0,,,2018-02-06 13:36:50,,2.0,1.0,1.0,,,5.0,
199,121,30302,38.582987,-77.767823,US 17,RT 28,50.73.234.84,5,6,True,3,,8,False,,605.0,3030243,43.0,,,2018-02-06 13:37:09,,2.0,1.0,1.0,,,5.0,
200,121,30302,38.582987,-77.767823,US 17,RT 28,50.73.234.84,5,6,True,3,,8,False,,606.0,3030244,44.0,,,2018-02-06 13:37:27,,2.0,1.0,1.0,,,5.0,
201,122,30302,38.582987,-77.767823,US 17,RT 28,50.73.234.84,5,6,True,4,,7,False,,598.0,3030209,9.0,,,2018-02-06 13:34:33,,1.0,3.0,1.0,,,5.0,
202,122,30302,38.582987,-77.767823,US 17,RT 28,50.73.234.84,5,6,True,4,,7,False,,599.0,3030239,39.0,,,2018-02-06 13:34:50,,1.0,3.0,1.0,,,5.0,
203,122,30302,38.582987,-77.767823,US 17,RT 28,50.73.234.84,5,6,True,4,,7,False,,600.0,3030240,40.0,,,2018-02-06 13:35:03,,1.0,3.0,1.0,,,5.0,
204,123,30302,38.582987,-77.767823,US 17,RT 28,50.73.234.84,5,6,True,4,,4,False,,582.0,3030205,5.0,,,2018-02-06 13:25:12,,1.0,1.0,1.0,,,5.0,
205,123,30302,38.582987,-77.767823,US 17,RT 28,50.73.234.84,5,6,True,4,,4,False,,583.0,3030227,27.0,,,2018-02-06 13:25:26,,1.0,1.0,1.0,,,5.0,
206,123,30302,38.582987,-77.767823,US 17,RT 28,50.73.234.84,5,6,True,4,,4,False,,584.0,3030228,28.0,,,2018-02-06 13:25:41,,1.0,1.0,1.0,,,0.0,
207,124,30320,38.585983,-77.760934,Rt 28,Station Dr. (853),50.73.234.81,5,6,True,1,,4,False,,305.0,3032004,4.0,,,2017-04-25 11:34:48,,1.0,1.0,1.0,,,0.0,
208,125,30320,38.585983,-77.760934,Rt 28,Station Dr. (853),50.73.234.81,5,6,True,2,,3,False,,306.0,3032003,3.0,,,2017-04-25 11:50:21,,1.0,1.0,1.0,,,0.0,
209,126,30320,38.585983,-77.760934,Rt 28,Station Dr. (853),50.73.234.81,5,6,True,3,,5,False,,307.0,3032005,5.0,,,2017-04-25 11:51:15,,1.0,3.0,1.0,,,0.0,
210,127,30320,38.585983,-77.760934,Rt 28,Station Dr. (853),50.73.234.81,5,6,True,3,,2,False,,308.0,3032002,2.0,,,2017-04-25 11:52:16,,1.0,1.0,1.0,,,0.0,
211,128,30320,38.585983,-77.760934,Rt 28,Station Dr. (853),50.73.234.81,5,6,True,4,,1,False,,309.0,3032001,1.0,,,2017-04-25 11:52:57,,1.0,3.0,1.0,,,0.0,
212,129,30320,38.585983,-77.760934,Rt 28,Station Dr. (853),50.73.234.81,5,6,True,4,,6,False,,310.0,3032006,6.0,,,2017-04-25 11:53:37,,1.0,1.0,1.0,,,0.0,
213,141,6029,37.15795833,-80.41854167,Franklin St.,Farmview Rd.,172.24.107.11,1,8,True,4,,1,False,,319.0,602901,1.0,,,2017-09-18 10:49:17,,1.0,3.0,1.0,,,5.0,
214,141,6029,37.15795833,-80.41854167,Franklin St.,Farmview Rd.,172.24.107.11,1,8,True,4,,1,False,,325.0,602902,2.0,,,2017-09-18 11:57:20,,2.0,3.0,1.0,,,5.0,
215,143,6029,37.15795833,-80.41854167,Franklin St.,Farmview Rd.,172.24.107.11,1,8,True,3,,2,False,,321.0,602903,3.0,,,2017-09-18 10:53:33,,1.0,1.0,1.0,,,5.0,
216,143,6029,37.15795833,-80.41854167,Franklin St.,Farmview Rd.,172.24.107.11,1,8,True,3,,2,False,,327.0,602904,4.0,,,2017-09-18 11:59:11,,2.0,1.0,1.0,,,5.0,
217,143,6029,37.15795833,-80.41854167,Franklin St.,Farmview Rd.,172.24.107.11,1,8,True,3,,2,False,,328.0,602905,5.0,,,2017-09-18 11:59:31,,3.0,1.0,1.0,,,5.0,
218,146,6029,37.15795833,-80.41854167,Franklin St.,Farmview Rd.,172.24.107.11,1,8,True,1,,3,False,,324.0,602906,6.0,,,2017-09-18 11:06:37,,1.0,5.0,1.0,,,5.0,
219,147,6029,37.15795833,-80.41854167,Franklin St.,Farmview Rd.,172.24.107.11,1,8,True,2,,4,False,,329.0,602907,7.0,,,2017-09-18 12:01:30,,1.0,5.0,1.0,,,5.0,
220,148,6029,37.15795833,-80.41854167,Franklin St.,Farmview Rd.,172.24.107.11,1,8,True,3,,5,False,,330.0,602908,8.0,,,2017-09-18 12:03:17,,1.0,3.0,1.0,,,5.0,
221,150,6029,37.15795833,-80.41854167,Franklin St.,Farmview Rd.,172.24.107.11,1,8,True,4,,6,False,,333.0,602909,9.0,,,2017-09-18 12:06:48,,1.0,1.0,1.0,,,5.0,
222,150,6029,37.15795833,-80.41854167,Franklin St.,Farmview Rd.,172.24.107.11,1,8,True,4,,6,False,,334.0,602910,10.0,,,2017-09-18 12:07:48,,2.0,1.0,1.0,,,5.0,
223,150,6029,37.15795833,-80.41854167,Franklin St.,Farmview Rd.,172.24.107.11,1,8,True,4,,6,False,,335.0,602911,11.0,,,2017-09-18 12:08:06,,3.0,1.0,1.0,,,5.0,
224,151,2169,38.125932,-78.442592,US 29 (Seminole Trl.),Town Center Dr.,50.232.117.230,5,6,True,1,,5,False,,336.0,216904,4.0,,,2017-09-21 18:11:56,,1.0,3.0,1.0,,,3.0,
225,151,2169,38.125932,-78.442592,US 29 (Seminole Trl.),Town Center Dr.,50.232.117.230,5,6,True,1,,5,False,,337.0,216902,2.0,,,2017-09-21 18:11:59,,2.0,3.0,1.0,,,3.0,
226,152,2169,38.125932,-78.442592,US 29 (Seminole Trl.),Town Center Dr.,50.232.117.230,5,6,True,1,45.0,2,False,,338.0,216915,15.0,330.0,,2017-09-21 18:13:08,,1.0,4.0,1.0,0.0,,3.0,5.0
227,152,2169,38.125932,-78.442592,US 29 (Seminole Trl.),Town Center Dr.,50.232.117.230,5,6,True,1,45.0,2,False,,339.0,216913,13.0,330.0,,2017-09-21 18:13:08,,2.0,1.0,1.0,0.0,,3.0,5.0
228,152,2169,38.125932,-78.442592,US 29 (Seminole Trl.),Town Center Dr.,50.232.117.230,5,6,True,1,45.0,2,False,,340.0,216911,11.0,330.0,,2017-09-21 18:13:09,,1.0,1.0,1.0,0.0,,3.0,5.0
229,153,2169,38.125932,-78.442592,US 29 (Seminole Trl.),Town Center Dr.,50.232.117.230,5,6,True,3,,4,False,,341.0,216907,7.0,,,2017-09-21 18:15:01,,1.0,3.0,1.0,,,3.0,
230,153,2169,38.125932,-78.442592,US 29 (Seminole Trl.),Town Center Dr.,50.232.117.230,5,6,True,3,,4,False,,342.0,216906,6.0,,,2017-09-21 18:15:02,,1.0,5.0,1.0,,,3.0,
231,153,2169,38.125932,-78.442592,US 29 (Seminole Trl.),Town Center Dr.,50.232.117.230,5,6,True,3,,4,False,,343.0,216905,5.0,,,2017-09-21 18:15:02,,1.0,2.0,1.0,,,3.0,
232,154,2169,38.125932,-78.442592,US 29 (Seminole Trl.),Town Center Dr.,50.232.117.230,5,6,True,2,,1,False,,344.0,216901,1.0,,,2017-09-21 18:16:04,,1.0,3.0,1.0,,,3.0,
233,155,2169,38.125932,-78.442592,US 29 (Seminole Trl.),Town Center Dr.,50.232.117.230,5,6,True,2,45.0,6,False,,345.0,216916,16.0,330.0,,2017-09-21 18:16:35,,1.0,1.0,1.0,0.0,,3.0,5.0
234,155,2169,38.125932,-78.442592,US 29 (Seminole Trl.),Town Center Dr.,50.232.117.230,5,6,True,2,45.0,6,False,,346.0,216914,14.0,330.0,,2017-09-21 18:16:36,,2.0,1.0,1.0,0.0,,3.0,5.0
235,155,2169,38.125932,-78.442592,US 29 (Seminole Trl.),Town Center Dr.,50.232.117.230,5,6,True,2,45.0,6,False,,347.0,216912,12.0,330.0,,2017-09-21 18:16:36,,3.0,1.0,1.0,0.0,,3.0,5.0
236,156,2169,38.125932,-78.442592,US 29 (Seminole Trl.),Town Center Dr.,50.232.117.230,5,6,True,4,,3,False,,348.0,216903,3.0,,,2017-09-21 18:17:48,,1.0,5.0,1.0,,,3.0,
237,169,2146,38.091944,-78.468089,US 29 (Seminole Trl.),Gander Dr.,50.232.117.195,5,6,True,3,,8,False,,376.0,214605,5.0,,,2017-10-17 20:38:12,,1.0,4.0,1.0,,,3.0,
238,170,2146,38.091944,-78.468089,US 29 (Seminole Trl.),Gander Dr.,50.232.117.195,5,6,True,4,,7,False,,375.0,214608,8.0,,,2017-10-17 20:37:47,,1.0,3.0,1.0,,,3.0,
239,172,2111,38.076581,-78.478462,US 29 (Seminole Trl.),29th Place Ct./Fashion Sq. Dr.,50.232.117.159,5,6,True,2,,1,False,,384.0,211101,1.0,,,2017-10-18 12:48:44,,1.0,3.0,1.0,,,3.0,
240,173,2111,38.076581,-78.478462,US 29 (Seminole Trl.),29th Place Ct./Fashion Sq. Dr.,50.232.117.159,5,6,True,1,45.0,2,False,,385.0,211102,2.0,,,2017-10-18 12:49:19,,4.0,1.0,1.0,,,3.0,
241,173,2111,38.076581,-78.478462,US 29 (Seminole Trl.),29th Place Ct./Fashion Sq. Dr.,50.232.117.159,5,6,True,1,45.0,2,False,,386.0,211103,3.0,335.0,,2017-10-18 12:49:38,,4.0,1.0,1.0,0.0,,3.0,5.075757575757576
242,173,2111,38.076581,-78.478462,US 29 (Seminole Trl.),29th Place Ct./Fashion Sq. Dr.,50.232.117.159,5,6,True,1,45.0,2,False,,387.0,211104,4.0,,,2017-10-18 12:49:55,,3.0,1.0,1.0,,,3.0,
243,173,2111,38.076581,-78.478462,US 29 (Seminole Trl.),29th Place Ct./Fashion Sq. Dr.,50.232.117.159,5,6,True,1,45.0,2,False,,388.0,211105,5.0,335.0,,2017-10-18 12:50:05,,3.0,1.0,1.0,0.0,,3.0,5.075757575757576
244,173,2111,38.076581,-78.478462,US 29 (Seminole Trl.),29th Place Ct./Fashion Sq. Dr.,50.232.117.159,5,6,True,1,45.0,2,False,,389.0,211106,6.0,,,2017-10-18 12:50:29,,2.0,1.0,1.0,,,3.0,
245,173,2111,38.076581,-78.478462,US 29 (Seminole Trl.),29th Place Ct./Fashion Sq. Dr.,50.232.117.159,5,6,True,1,45.0,2,False,,391.0,211108,8.0,,,2017-10-18 12:50:58,,1.0,1.0,1.0,,,3.0,
246,173,2111,38.076581,-78.478462,US 29 (Seminole Trl.),29th Place Ct./Fashion Sq. Dr.,50.232.117.159,5,6,True,1,45.0,2,False,,392.0,211109,9.0,335.0,,2017-10-18 12:51:12,,1.0,1.0,1.0,0.0,,3.0,5.075757575757576
247,173,2111,38.076581,-78.478462,US 29 (Seminole Trl.),29th Place Ct./Fashion Sq. Dr.,50.232.117.159,5,6,True,1,45.0,2,False,,400.0,211107,7.0,335.0,,2017-10-18 13:04:06,,2.0,1.0,1.0,0.0,,3.0,5.075757575757576
248,180,2111,38.076581,-78.478462,US 29 (Seminole Trl.),29th Place Ct./Fashion Sq. Dr.,50.232.117.159,5,6,True,4,,3,False,,401.0,211110,10.0,,,2017-10-18 13:07:04,,1.0,5.0,1.0,,,3.0,
249,180,2111,38.076581,-78.478462,US 29 (Seminole Trl.),29th Place Ct./Fashion Sq. Dr.,50.232.117.159,5,6,True,4,,3,False,,402.0,211111,11.0,,,2017-10-18 13:07:20,,1.0,3.0,1.0,,,3.0,
250,181,2111,38.076581,-78.478462,US 29 (Seminole Trl.),29th Place Ct./Fashion Sq. Dr.,50.232.117.159,5,6,True,3,,4,False,,403.0,211112,12.0,,,2017-10-18 13:07:41,,1.0,2.0,1.0,,,3.0,
251,181,2111,38.076581,-78.478462,US 29 (Seminole Trl.),29th Place Ct./Fashion Sq. Dr.,50.232.117.159,5,6,True,3,,4,False,,404.0,211113,13.0,,,2017-10-18 13:07:54,,1.0,5.0,1.0,,,3.0,
252,181,2111,38.076581,-78.478462,US 29 (Seminole Trl.),29th Place Ct./Fashion Sq. Dr.,50.232.117.159,5,6,True,3,,4,False,,405.0,211114,14.0,,,2017-10-18 13:08:03,,1.0,3.0,1.0,,,3.0,
253,182,2111,38.076581,-78.478462,US 29 (Seminole Trl.),29th Place Ct./Fashion Sq. Dr.,50.232.117.159,5,6,True,1,,5,False,,406.0,211115,15.0,,,2017-10-18 13:09:03,,2.0,3.0,1.0,,,3.0,
254,182,2111,38.076581,-78.478462,US 29 (Seminole Trl.),29th Place Ct./Fashion Sq. Dr.,50.232.117.159,5,6,True,1,,5,False,,407.0,211116,16.0,,,2017-10-18 13:09:14,,1.0,3.0,1.0,,,3.0,
255,183,2111,38.076581,-78.478462,US 29 (Seminole Trl.),29th Place Ct./Fashion Sq. Dr.,50.232.117.159,5,6,True,2,45.0,6,False,,408.0,211117,17.0,,,2017-10-18 13:11:15,,4.0,1.0,1.0,,,3.0,
256,183,2111,38.076581,-78.478462,US 29 (Seminole Trl.),29th Place Ct./Fashion Sq. Dr.,50.232.117.159,5,6,True,2,45.0,6,False,,409.0,211118,18.0,320.0,,2017-10-18 13:11:28,,4.0,1.0,1.0,0.0,,3.0,4.848484848484849
257,183,2111,38.076581,-78.478462,US 29 (Seminole Trl.),29th Place Ct./Fashion Sq. Dr.,50.232.117.159,5,6,True,2,45.0,6,False,,410.0,211119,19.0,,,2017-10-18 13:11:46,,3.0,1.0,1.0,,,3.0,
258,183,2111,38.076581,-78.478462,US 29 (Seminole Trl.),29th Place Ct./Fashion Sq. Dr.,50.232.117.159,5,6,True,2,45.0,6,False,,411.0,211120,20.0,320.0,,2017-10-18 13:11:54,,3.0,1.0,1.0,0.0,,3.0,4.848484848484849
259,183,2111,38.076581,-78.478462,US 29 (Seminole Trl.),29th Place Ct./Fashion Sq. Dr.,50.232.117.159,5,6,True,2,45.0,6,False,,412.0,211121,21.0,,,2017-10-18 13:13:01,,2.0,1.0,1.0,,,3.0,
260,183,2111,38.076581,-78.478462,US 29 (Seminole Trl.),29th Place Ct./Fashion Sq. Dr.,50.232.117.159,5,6,True,2,45.0,6,False,,413.0,211122,22.0,320.0,,2017-10-18 13:13:13,,2.0,1.0,1.0,0.0,,3.0,4.848484848484849
261,183,2111,38.076581,-78.478462,US 29 (Seminole Trl.),29th Place Ct./Fashion Sq. Dr.,50.232.117.159,5,6,True,2,45.0,6,False,,414.0,211123,23.0,,,2017-10-18 13:13:32,,1.0,1.0,1.0,,,3.0,
262,183,2111,38.076581,-78.478462,US 29 (Seminole Trl.),29th Place Ct./Fashion Sq. Dr.,50.232.117.159,5,6,True,2,45.0,6,False,,415.0,211124,24.0,320.0,,2017-10-18 13:13:41,,1.0,1.0,1.0,0.0,,3.0,4.848484848484849
263,185,2123,38.121266,-78.447395,US 29 (Seminole Trl.),Rt 1520 (Hollymead Dr.),50.232.117.223,5,6,True,2,,1,False,,416.0,212301,1.0,,,2017-10-18 16:51:29,,1.0,3.0,1.0,,,3.0,
264,186,2123,38.121266,-78.447395,US 29 (Seminole Trl.),Rt 1520 (Hollymead Dr.),50.232.117.223,5,6,True,1,45.0,2,False,,417.0,212302,2.0,325.0,,2017-10-18 16:51:55,,1.0,1.0,1.0,0.0,,3.0,4.924242424242424
265,186,2123,38.121266,-78.447395,US 29 (Seminole Trl.),Rt 1520 (Hollymead Dr.),50.232.117.223,5,6,True,1,45.0,2,False,,418.0,212303,3.0,325.0,,2017-10-18 16:52:15,,2.0,1.0,1.0,0.0,,3.0,4.924242424242424
266,186,2123,38.121266,-78.447395,US 29 (Seminole Trl.),Rt 1520 (Hollymead Dr.),50.232.117.223,5,6,True,1,45.0,2,False,,419.0,212304,4.0,325.0,,2017-10-18 16:52:32,,3.0,1.0,1.0,0.0,,3.0,4.924242424242424
267,187,2123,38.121266,-78.447395,US 29 (Seminole Trl.),Rt 1520 (Hollymead Dr.),50.232.117.223,5,6,True,4,,4,False,,420.0,212305,5.0,,,2017-10-18 16:53:06,,1.0,3.0,1.0,,,3.0,
268,187,2123,38.121266,-78.447395,US 29 (Seminole Trl.),Rt 1520 (Hollymead Dr.),50.232.117.223,5,6,True,4,,4,False,,421.0,212306,6.0,,,2017-10-18 16:53:19,,1.0,5.0,1.0,,,3.0,
269,188,2123,38.121266,-78.447395,US 29 (Seminole Trl.),Rt 1520 (Hollymead Dr.),50.232.117.223,5,6,True,1,,5,False,,422.0,212307,7.0,,,2017-10-18 16:53:46,,1.0,3.0,1.0,,,3.0,
270,189,2123,38.121266,-78.447395,US 29 (Seminole Trl.),Rt 1520 (Hollymead Dr.),50.232.117.223,5,6,True,2,45.0,6,False,,423.0,212308,8.0,330.0,,2017-10-18 16:54:37,,1.0,1.0,1.0,0.0,,3.0,5.0
271,189,2123,38.121266,-78.447395,US 29 (Seminole Trl.),Rt 1520 (Hollymead Dr.),50.232.117.223,5,6,True,2,45.0,6,False,,424.0,212309,9.0,330.0,,2017-10-18 16:54:49,,2.0,1.0,1.0,0.0,,3.0,5.0
272,189,2123,38.121266,-78.447395,US 29 (Seminole Trl.),Rt 1520 (Hollymead Dr.),50.232.117.223,5,6,True,2,45.0,6,False,,425.0,212310,10.0,330.0,,2017-10-18 16:55:00,,3.0,1.0,1.0,0.0,,3.0,5.0
273,191,2140,38.113208,-78.452752,US 29 (Seminole Trl.),Rt 1670 (Ashwood Blvd.),50.232.117.217,5,6,True,2,,1,False,,427.0,214001,1.0,,,2017-10-27 11:06:43,,1.0,3.0,1.0,,,3.0,
274,192,2140,38.113208,-78.452752,US 29 (Seminole Trl.),Rt 1670 (Ashwood Blvd.),50.232.117.217,5,6,True,1,45.0,2,False,,428.0,214002,2.0,325.0,,2017-10-27 11:07:14,,1.0,1.0,1.0,0.0,,3.0,4.924242424242424
275,192,2140,38.113208,-78.452752,US 29 (Seminole Trl.),Rt 1670 (Ashwood Blvd.),50.232.117.217,5,6,True,1,45.0,2,False,,429.0,214003,3.0,325.0,,2017-10-27 11:43:00,,2.0,1.0,1.0,0.0,,3.0,4.924242424242424
276,192,2140,38.113208,-78.452752,US 29 (Seminole Trl.),Rt 1670 (Ashwood Blvd.),50.232.117.217,5,6,True,1,45.0,2,False,,430.0,214004,4.0,325.0,,2017-10-27 11:43:02,,3.0,1.0,1.0,0.0,,3.0,4.924242424242424
277,193,2140,38.113208,-78.452752,US 29 (Seminole Trl.),Rt 1670 (Ashwood Blvd.),50.232.117.217,5,6,True,4,,4,False,,431.0,214005,5.0,,,2017-10-27 11:43:48,,1.0,3.0,1.0,,,3.0,
278,193,2140,38.113208,-78.452752,US 29 (Seminole Trl.),Rt 1670 (Ashwood Blvd.),50.232.117.217,5,6,True,4,,4,False,,432.0,214006,6.0,,,2017-10-27 11:43:50,,2.0,3.0,1.0,,,3.0,
279,193,2140,38.113208,-78.452752,US 29 (Seminole Trl.),Rt 1670 (Ashwood Blvd.),50.232.117.217,5,6,True,4,,4,False,,433.0,214007,7.0,,,2017-10-27 11:43:51,,1.0,2.0,1.0,,,3.0,
280,194,2140,38.113208,-78.452752,US 29 (Seminole Trl.),Rt 1670 (Ashwood Blvd.),50.232.117.217,5,6,True,1,,5,False,,434.0,214008,8.0,,,2017-10-27 11:44:52,,1.0,3.0,1.0,,,3.0,
281,195,2140,38.113208,-78.452752,US 29 (Seminole Trl.),Rt 1670 (Ashwood Blvd.),50.232.117.217,5,6,True,2,45.0,6,False,,435.0,214009,9.0,330.0,,2017-10-27 11:45:24,,1.0,1.0,1.0,0.0,,3.0,5.0
282,195,2140,38.113208,-78.452752,US 29 (Seminole Trl.),Rt 1670 (Ashwood Blvd.),50.232.117.217,5,6,True,2,45.0,6,False,,436.0,214010,10.0,330.0,,2017-10-27 11:45:41,,2.0,1.0,1.0,0.0,,3.0,5.0
283,195,2140,38.113208,-78.452752,US 29 (Seminole Trl.),Rt 1670 (Ashwood Blvd.),50.232.117.217,5,6,True,2,45.0,6,False,,437.0,214011,11.0,330.0,,2017-10-27 11:45:42,,3.0,1.0,1.0,0.0,,3.0,5.0
284,196,2190,38.02982,-78.80692,US 250,SR 151,50.232.117.248,5,6,True,1,,4,False,,442.0,219004,4.0,,,2017-11-17 08:30:01,,1.0,5.0,1.0,,,3.0,
285,197,2190,38.02982,-78.80692,US 250,SR 151,50.232.117.248,5,6,True,3,55.0,6,False,,440.0,219006,6.0,395.0,,2017-11-17 08:21:25,,1.0,1.0,1.0,,,3.0,4.896694214876033
286,198,2190,38.02982,-78.80692,US 250,SR 151,50.232.117.248,5,6,True,4,,5,False,,443.0,219005,5.0,,,2017-11-17 08:32:20,,1.0,3.0,1.0,,,3.0,
287,199,2190,38.02982,-78.80692,US 250,SR 151,50.232.117.248,5,6,True,4,55.0,2,False,,444.0,21902,2.0,371.0,,2017-11-17 08:33:01,,1.0,1.0,1.0,,,3.0,4.599173553719008
288,200,2118,38.075431,-78.498101,Hydraulic Rd (743),Lambs (657) / Whitewood (1455),23.25.127.18,5,6,True,1,,5,False,,,,,,,,,,,,,,,
289,201,2118,38.075431,-78.498101,Hydraulic Rd (743),Lambs (657) / Whitewood (1455),23.25.127.18,5,6,True,2,,6,False,,,,,,,,,,,,,,,
290,202,2118,38.075431,-78.498101,Hydraulic Rd (743),Lambs (657) / Whitewood (1455),23.25.127.18,5,6,True,1,,2,False,,,,,,,,,,,,,,,
291,203,2118,38.075431,-78.498101,Hydraulic Rd (743),Lambs (657) / Whitewood (1455),23.25.127.18,5,6,True,2,,1,False,,,,,,,,,,,,,,,
292,204,2118,38.075431,-78.498101,Hydraulic Rd (743),Lambs (657) / Whitewood (1455),23.25.127.18,5,6,True,3,,4,False,,,,,,,,,,,,,,,
293,205,2118,38.075431,-78.498101,Hydraulic Rd (743),Lambs (657) / Whitewood (1455),23.25.127.18,5,6,True,4,,3,False,,,,,,,,,,,,,,,
294,206,7217,38.181031,-79.032025,US 11 (Commerce Rd.),RT 262 (Woodrow Wilson Pkwy.),50.199.30.119,5,6,True,1,,1,False,,,,,,,,,,,,,,,
295,207,7217,38.181031,-79.032025,US 11 (Commerce Rd.),RT 262 (Woodrow Wilson Pkwy.),50.199.30.119,5,6,True,1,,6,False,,,,,,,,,,,,,,,
296,208,7217,38.181031,-79.032025,US 11 (Commerce Rd.),RT 262 (Woodrow Wilson Pkwy.),50.199.30.119,5,6,True,4,,7,False,,,,,,,,,,,,,,,
297,209,7217,38.181031,-79.032025,US 11 (Commerce Rd.),RT 262 (Woodrow Wilson Pkwy.),50.199.30.119,5,6,True,4,,4,False,,,,,,,,,,,,,,,
298,210,7217,38.181031,-79.032025,US 11 (Commerce Rd.),RT 262 (Woodrow Wilson Pkwy.),50.199.30.119,5,6,True,2,,5,False,,,,,,,,,,,,,,,
299,211,7217,38.181031,-79.032025,US 11 (Commerce Rd.),RT 262 (Woodrow Wilson Pkwy.),50.199.30.119,5,6,True,2,,2,False,,,,,,,,,,,,,,,
300,212,7217,38.181031,-79.032025,US 11 (Commerce Rd.),RT 262 (Woodrow Wilson Pkwy.),50.199.30.119,5,6,True,3,,3,False,,,,,,,,,,,,,,,
301,213,7217,38.181031,-79.032025,US 11 (Commerce Rd.),RT 262 (Woodrow Wilson Pkwy.),50.199.30.119,5,6,True,3,,8,False,,,,,,,,,,,,,,,
302,224,30321,38.580287,-77.767073,Rt17 Marsh Rd,Rt859 Village Center Dr,50.73.234.86,5,6,True,2,,1,False,,476.0,3032101,1.0,,,2018-01-29 14:11:04,,1.0,3.0,1.0,,,5.0,
303,224,30321,38.580287,-77.767073,Rt17 Marsh Rd,Rt859 Village Center Dr,50.73.234.86,5,6,True,2,,1,False,,477.0,3032117,17.0,,,2018-01-29 14:11:29,,1.0,3.0,1.0,,,5.0,
304,224,30321,38.580287,-77.767073,Rt17 Marsh Rd,Rt859 Village Center Dr,50.73.234.86,5,6,True,2,,1,False,,503.0,3032118,18.0,,,2018-02-01 12:55:04,,1.0,3.0,1.0,,,5.0,
305,226,68807,38.365971,-77.766695,Rt3 Germanna Hwy,Rt601 Flatrun,96.82.28.99,5,6,True,4,,1,False,,487.0,6880701,1.0,,,2018-02-01 08:40:08,,1.0,3.0,1.0,,,3.0,
306,235,68807,38.365971,-77.766695,Rt3 Germanna Hwy,Rt601 Flatrun,96.82.28.99,5,6,True,3,55.0,2,False,,497.0,6880702,2.0,280.0,,2018-02-01 09:54:17,,1.0,1.0,1.0,,,5.0,3.4710743801652892
307,237,68807,38.365971,-77.766695,Rt3 Germanna Hwy,Rt601 Flatrun,96.82.28.99,5,6,True,1,,3,False,,499.0,6880703,3.0,,,2018-02-01 09:59:59,,1.0,5.0,1.0,,,3.0,
308,238,68807,38.365971,-77.766695,Rt3 Germanna Hwy,Rt601 Flatrun,96.82.28.99,5,6,True,2,,4,False,,500.0,6880704,4.0,,,2018-02-01 10:01:05,,1.0,3.0,1.0,,,3.0,
309,239,68807,38.365971,-77.766695,Rt3 Germanna Hwy,Rt601 Flatrun,96.82.28.99,5,6,True,3,,5,False,,501.0,6880705,5.0,,,2018-02-01 10:02:10,,1.0,3.0,1.0,,,3.0,
310,240,68807,38.365971,-77.766695,Rt3 Germanna Hwy,Rt601 Flatrun,96.82.28.99,5,6,True,4,55.0,6,False,,502.0,6880706,6.0,175.0,,2018-02-01 10:04:42,,1.0,1.0,1.0,,,5.0,2.1694214876033056
311,241,30321,38.580287,-77.767073,Rt17 Marsh Rd,Rt859 Village Center Dr,50.73.234.86,5,6,True,1,45.0,2,False,,505.0,3032149,49.0,330.0,,2018-02-01 12:56:40,,1.0,1.0,1.0,,,5.0,5.0
312,241,30321,38.580287,-77.767073,Rt17 Marsh Rd,Rt859 Village Center Dr,50.73.234.86,5,6,True,1,45.0,2,False,,506.0,3032102,2.0,,,2018-02-01 12:58:05,,1.0,1.0,1.0,,,5.0,
313,241,30321,38.580287,-77.767073,Rt17 Marsh Rd,Rt859 Village Center Dr,50.73.234.86,5,6,True,1,45.0,2,False,,507.0,3032119,19.0,,,2018-02-01 12:58:24,,1.0,1.0,1.0,,,5.0,
314,241,30321,38.580287,-77.767073,Rt17 Marsh Rd,Rt859 Village Center Dr,50.73.234.86,5,6,True,1,45.0,2,False,,508.0,3032120,20.0,,,2018-02-01 12:58:54,,1.0,1.0,1.0,,,4.0,
315,241,30321,38.580287,-77.767073,Rt17 Marsh Rd,Rt859 Village Center Dr,50.73.234.86,5,6,True,1,45.0,2,False,,509.0,3032150,50.0,330.0,,2018-02-01 12:59:19,,2.0,1.0,1.0,,,5.0,5.0
316,241,30321,38.580287,-77.767073,Rt17 Marsh Rd,Rt859 Village Center Dr,50.73.234.86,5,6,True,1,45.0,2,False,,510.0,3032103,3.0,,,2018-02-01 12:59:51,,2.0,1.0,1.0,,,5.0,
317,241,30321,38.580287,-77.767073,Rt17 Marsh Rd,Rt859 Village Center Dr,50.73.234.86,5,6,True,1,45.0,2,False,,511.0,3032121,21.0,,,2018-02-01 13:00:18,,2.0,1.0,1.0,,,5.0,
318,241,30321,38.580287,-77.767073,Rt17 Marsh Rd,Rt859 Village Center Dr,50.73.234.86,5,6,True,1,45.0,2,False,,512.0,3032122,22.0,,,2018-02-01 13:00:41,,2.0,1.0,1.0,,,5.0,
319,243,30321,38.580287,-77.767073,Rt17 Marsh Rd,Rt859 Village Center Dr,50.73.234.86,5,6,True,1,,2,False,,513.0,3032123,23.0,,,2018-02-01 13:01:41,,1.0,2.0,1.0,,,5.0,
320,244,30321,38.580287,-77.767073,Rt17 Marsh Rd,Rt859 Village Center Dr,50.73.234.86,5,6,True,4,,3,False,,514.0,3032104,4.0,,,2018-02-01 13:03:15,,1.0,3.0,1.0,,,5.0,
321,244,30321,38.580287,-77.767073,Rt17 Marsh Rd,Rt859 Village Center Dr,50.73.234.86,5,6,True,4,,3,False,,515.0,3032125,25.0,,,2018-02-01 13:03:35,,1.0,3.0,1.0,,,5.0,
322,244,30321,38.580287,-77.767073,Rt17 Marsh Rd,Rt859 Village Center Dr,50.73.234.86,5,6,True,4,,3,False,,516.0,3032126,26.0,,,2018-02-01 13:03:59,,1.0,3.0,1.0,,,5.0,
323,245,30321,38.580287,-77.767073,Rt17 Marsh Rd,Rt859 Village Center Dr,50.73.234.86,5,6,True,4,,3,False,,517.0,3032105,5.0,,,2018-02-01 13:04:48,,1.0,2.0,1.0,,,5.0,
324,245,30321,38.580287,-77.767073,Rt17 Marsh Rd,Rt859 Village Center Dr,50.73.234.86,5,6,True,4,,3,False,,518.0,3032127,27.0,,,2018-02-01 13:05:08,,1.0,2.0,1.0,,,5.0,
325,246,30321,38.580287,-77.767073,Rt17 Marsh Rd,Rt859 Village Center Dr,50.73.234.86,5,6,True,1,,5,False,,519.0,3032106,6.0,,,2018-02-01 13:06:34,,1.0,3.0,1.0,,,5.0,
326,246,30321,38.580287,-77.767073,Rt17 Marsh Rd,Rt859 Village Center Dr,50.73.234.86,5,6,True,1,,5,False,,520.0,3032129,29.0,,,2018-02-01 13:06:53,,1.0,3.0,1.0,,,5.0,
327,246,30321,38.580287,-77.767073,Rt17 Marsh Rd,Rt859 Village Center Dr,50.73.234.86,5,6,True,1,,5,False,,521.0,3032130,30.0,,,2018-02-01 13:07:11,,1.0,3.0,1.0,,,5.0,
328,247,30321,38.580287,-77.767073,Rt17 Marsh Rd,Rt859 Village Center Dr,50.73.234.86,5,6,True,2,45.0,6,False,,522.0,3032151,51.0,330.0,,2018-02-01 13:08:06,,1.0,1.0,1.0,,,5.0,5.0
329,247,30321,38.580287,-77.767073,Rt17 Marsh Rd,Rt859 Village Center Dr,50.73.234.86,5,6,True,2,45.0,6,False,,523.0,3032107,7.0,,,2018-02-01 13:08:38,,1.0,1.0,1.0,,,5.0,
330,247,30321,38.580287,-77.767073,Rt17 Marsh Rd,Rt859 Village Center Dr,50.73.234.86,5,6,True,2,45.0,6,False,,524.0,3032131,31.0,,,2018-02-01 13:08:56,,1.0,1.0,1.0,,,5.0,
331,247,30321,38.580287,-77.767073,Rt17 Marsh Rd,Rt859 Village Center Dr,50.73.234.86,5,6,True,2,45.0,6,False,,525.0,3032132,32.0,,,2018-02-01 13:09:18,,1.0,1.0,1.0,,,5.0,
332,247,30321,38.580287,-77.767073,Rt17 Marsh Rd,Rt859 Village Center Dr,50.73.234.86,5,6,True,2,45.0,6,False,,526.0,3032152,52.0,330.0,,2018-02-01 13:09:43,,2.0,1.0,1.0,,,5.0,5.0
333,247,30321,38.580287,-77.767073,Rt17 Marsh Rd,Rt859 Village Center Dr,50.73.234.86,5,6,True,2,45.0,6,False,,527.0,3032108,8.0,,,2018-02-01 13:10:11,,2.0,1.0,1.0,,,5.0,
334,247,30321,38.580287,-77.767073,Rt17 Marsh Rd,Rt859 Village Center Dr,50.73.234.86,5,6,True,2,45.0,6,False,,528.0,3032133,33.0,,,2018-02-01 13:10:35,,2.0,1.0,1.0,,,5.0,
335,247,30321,38.580287,-77.767073,Rt17 Marsh Rd,Rt859 Village Center Dr,50.73.234.86,5,6,True,2,45.0,6,False,,529.0,3032134,34.0,,,2018-02-01 13:11:04,,2.0,1.0,1.0,,,5.0,
336,248,30313,38.576117,-77.765131,Rt17 Marsh Rd,656&853 Station Dr,50.73.234.90,5,6,True,2,,1,False,,530.0,3031301,1.0,,,2018-02-01 14:24:01,,1.0,3.0,1.0,,,5.0,
337,248,30313,38.576117,-77.765131,Rt17 Marsh Rd,656&853 Station Dr,50.73.234.90,5,6,True,2,,1,False,,531.0,3031317,17.0,,,2018-02-01 14:24:58,,1.0,3.0,1.0,,,5.0,
338,248,30313,38.576117,-77.765131,Rt17 Marsh Rd,656&853 Station Dr,50.73.234.90,5,6,True,2,,1,False,,532.0,3031318,18.0,,,2018-02-01 14:25:20,,1.0,3.0,1.0,,,5.0,
339,249,30313,38.576117,-77.765131,Rt17 Marsh Rd,656&853 Station Dr,50.73.234.90,5,6,True,1,45.0,2,False,,533.0,3031349,49.0,330.0,,2018-02-01 14:26:06,,1.0,1.0,1.0,,,5.0,5.0
340,249,30313,38.576117,-77.765131,Rt17 Marsh Rd,656&853 Station Dr,50.73.234.90,5,6,True,1,45.0,2,False,,534.0,3031302,2.0,,,2018-02-01 14:26:39,,1.0,1.0,1.0,,,5.0,
341,249,30313,38.576117,-77.765131,Rt17 Marsh Rd,656&853 Station Dr,50.73.234.90,5,6,True,1,45.0,2,False,,535.0,3031319,19.0,,,2018-02-01 14:26:57,,1.0,1.0,1.0,,,5.0,
342,249,30313,38.576117,-77.765131,Rt17 Marsh Rd,656&853 Station Dr,50.73.234.90,5,6,True,1,45.0,2,False,,536.0,3031320,20.0,,,2018-02-01 14:27:21,,1.0,1.0,1.0,,,5.0,
343,249,30313,38.576117,-77.765131,Rt17 Marsh Rd,656&853 Station Dr,50.73.234.90,5,6,True,1,45.0,2,False,,537.0,3031350,50.0,330.0,,2018-02-01 14:27:40,,2.0,1.0,1.0,,,5.0,5.0
344,249,30313,38.576117,-77.765131,Rt17 Marsh Rd,656&853 Station Dr,50.73.234.90,5,6,True,1,45.0,2,False,,538.0,3031303,3.0,,,2018-02-01 14:28:08,,2.0,1.0,1.0,,,5.0,
345,249,30313,38.576117,-77.765131,Rt17 Marsh Rd,656&853 Station Dr,50.73.234.90,5,6,True,1,45.0,2,False,,539.0,3031321,21.0,,,2018-02-01 14:28:33,,2.0,1.0,1.0,,,5.0,
346,249,30313,38.576117,-77.765131,Rt17 Marsh Rd,656&853 Station Dr,50.73.234.90,5,6,True,1,45.0,2,False,,540.0,3031322,22.0,,,2018-02-01 14:28:55,,2.0,1.0,1.0,,,5.0,
347,250,30313,38.576117,-77.765131,Rt17 Marsh Rd,656&853 Station Dr,50.73.234.90,5,6,True,3,,3,False,,541.0,3031304,4.0,,,2018-02-01 15:05:42,,1.0,5.0,1.0,,,5.0,
348,250,30313,38.576117,-77.765131,Rt17 Marsh Rd,656&853 Station Dr,50.73.234.90,5,6,True,3,,3,False,,542.0,3031325,25.0,,,2018-02-01 15:06:03,,1.0,5.0,1.0,,,5.0,
349,250,30313,38.576117,-77.765131,Rt17 Marsh Rd,656&853 Station Dr,50.73.234.90,5,6,True,3,,3,False,,543.0,3031326,26.0,,,2018-02-01 15:06:22,,1.0,5.0,1.0,,,5.0,
350,251,30313,38.576117,-77.765131,Rt17 Marsh Rd,656&853 Station Dr,50.73.234.90,5,6,True,3,,3,False,,544.0,3031305,5.0,,,2018-02-01 15:07:40,,1.0,2.0,1.0,,,5.0,
351,251,30313,38.576117,-77.765131,Rt17 Marsh Rd,656&853 Station Dr,50.73.234.90,5,6,True,3,,3,False,,545.0,3031327,27.0,,,2018-02-01 15:07:57,,1.0,2.0,1.0,,,5.0,
352,252,30313,38.576117,-77.765131,Rt17 Marsh Rd,656&853 Station Dr,50.73.234.90,5,6,True,1,,2,False,,546.0,3031323,23.0,,,2018-02-01 15:10:31,,1.0,1.0,1.0,,,5.0,
353,253,30313,38.576117,-77.765131,Rt17 Marsh Rd,656&853 Station Dr,50.73.234.90,5,6,True,4,,4,False,,547.0,3031307,7.0,,,2018-02-01 15:12:30,,1.0,3.0,1.0,,,5.0,
354,253,30313,38.576117,-77.765131,Rt17 Marsh Rd,656&853 Station Dr,50.73.234.90,5,6,True,4,,4,False,,549.0,3031331,31.0,,,2018-02-01 15:17:36,,1.0,3.0,1.0,,,5.0,
355,253,30313,38.576117,-77.765131,Rt17 Marsh Rd,656&853 Station Dr,50.73.234.90,5,6,True,4,,4,False,,550.0,3031332,32.0,,,2018-02-01 15:17:59,,1.0,3.0,1.0,,,5.0,
356,254,30313,38.576117,-77.765131,Rt17 Marsh Rd,656&853 Station Dr,50.73.234.90,5,6,True,4,,4,False,,548.0,3031308,8.0,,,2018-02-01 15:17:13,,1.0,1.0,1.0,,,5.0,
357,254,30313,38.576117,-77.765131,Rt17 Marsh Rd,656&853 Station Dr,50.73.234.90,5,6,True,4,,4,False,,551.0,3031333,33.0,,,2018-02-01 15:18:48,,1.0,1.0,1.0,,,5.0,
358,254,30313,38.576117,-77.765131,Rt17 Marsh Rd,656&853 Station Dr,50.73.234.90,5,6,True,4,,4,False,,552.0,3031334,34.0,,,2018-02-01 15:19:09,,1.0,1.0,1.0,,,5.0,
359,255,30313,38.576117,-77.765131,Rt17 Marsh Rd,656&853 Station Dr,50.73.234.90,5,6,True,4,,4,False,,553.0,3031309,9.0,,,2018-02-01 15:20:01,,1.0,2.0,1.0,,,5.0,
360,255,30313,38.576117,-77.765131,Rt17 Marsh Rd,656&853 Station Dr,50.73.234.90,5,6,True,4,,4,False,,554.0,3031335,35.0,,,2018-02-01 15:20:19,,1.0,2.0,1.0,,,5.0,
361,256,30313,38.576117,-77.765131,Rt17 Marsh Rd,656&853 Station Dr,50.73.234.90,5,6,True,1,,5,False,,555.0,3031310,10.0,,,2018-02-01 15:21:13,,1.0,3.0,1.0,,,5.0,
362,256,30313,38.576117,-77.765131,Rt17 Marsh Rd,656&853 Station Dr,50.73.234.90,5,6,True,1,,5,False,,556.0,3031337,37.0,,,2018-02-01 15:21:30,,1.0,3.0,1.0,,,5.0,
363,256,30313,38.576117,-77.765131,Rt17 Marsh Rd,656&853 Station Dr,50.73.234.90,5,6,True,1,,5,False,,557.0,3031338,38.0,,,2018-02-01 15:21:51,,1.0,3.0,1.0,,,5.0,
364,257,30313,38.576117,-77.765131,Rt17 Marsh Rd,656&853 Station Dr,50.73.234.90,5,6,True,2,45.0,6,False,,558.0,3031351,51.0,330.0,,2018-02-01 15:22:55,,1.0,1.0,1.0,,,5.0,5.0
365,257,30313,38.576117,-77.765131,Rt17 Marsh Rd,656&853 Station Dr,50.73.234.90,5,6,True,2,45.0,6,False,,559.0,3031311,11.0,,,2018-02-01 15:23:19,,1.0,1.0,1.0,,,5.0,
366,257,30313,38.576117,-77.765131,Rt17 Marsh Rd,656&853 Station Dr,50.73.234.90,5,6,True,2,45.0,6,False,,560.0,3031339,39.0,,,2018-02-01 15:23:34,,1.0,1.0,1.0,,,5.0,
367,257,30313,38.576117,-77.765131,Rt17 Marsh Rd,656&853 Station Dr,50.73.234.90,5,6,True,2,45.0,6,False,,561.0,3031340,40.0,,,2018-02-01 15:29:05,,1.0,1.0,1.0,,,1.0,
368,257,30313,38.576117,-77.765131,Rt17 Marsh Rd,656&853 Station Dr,50.73.234.90,5,6,True,2,45.0,6,False,,562.0,3031352,52.0,330.0,,2018-02-01 15:29:29,,2.0,1.0,1.0,,,5.0,5.0
369,257,30313,38.576117,-77.765131,Rt17 Marsh Rd,656&853 Station Dr,50.73.234.90,5,6,True,2,45.0,6,False,,563.0,3031312,12.0,,,2018-02-01 15:29:50,,2.0,1.0,1.0,,,5.0,
370,257,30313,38.576117,-77.765131,Rt17 Marsh Rd,656&853 Station Dr,50.73.234.90,5,6,True,2,45.0,6,False,,564.0,3031341,41.0,,,2018-02-01 15:30:13,,2.0,1.0,1.0,,,5.0,
371,257,30313,38.576117,-77.765131,Rt17 Marsh Rd,656&853 Station Dr,50.73.234.90,5,6,True,2,45.0,6,False,,565.0,3031342,42.0,,,2018-02-01 15:30:41,,2.0,1.0,1.0,,,5.0,
372,259,30313,38.576117,-77.765131,Rt17 Marsh Rd,656&853 Station Dr,50.73.234.90,5,6,True,2,,6,False,,567.0,3031343,43.0,,,2018-02-01 15:34:31,,1.0,2.0,1.0,,,5.0,
373,260,30302,38.582987,-77.767823,US 17,RT 28,50.73.234.84,5,6,True,1,,2,False,,578.0,3030223,23.0,,,2018-02-06 13:23:12,,1.0,2.0,1.0,,,5.0,
374,261,30302,38.582987,-77.767823,US 17,RT 28,50.73.234.84,5,6,True,4,,4,False,,585.0,3030229,29.0,,,2018-02-06 13:27:28,,1.0,5.0,1.0,,,5.0,
375,262,30302,38.582987,-77.767823,US 17,RT 28,50.73.234.84,5,6,True,2,,6,False,,597.0,3030237,37.0,,,2018-02-06 13:32:43,,1.0,2.0,1.0,,,5.0,
376,263,30302,38.582987,-77.767823,US 17,RT 28,50.73.234.84,5,6,True,3,,8,False,,607.0,3030245,45.0,,,2018-02-06 13:38:32,,1.0,2.0,1.0,,,5.0,
377,264,93817,38.991549,-78.178476,US 522/340,Toray Dr,96.84.236.249,5,6,True,1,,6,False,,,,,,,,,,,,,,,
378,265,93817,38.991549,-78.178476,US 522/340,Toray Dr,96.84.236.249,5,6,True,2,,2,False,,,,,,,,,,,,,,,
379,266,93817,38.991549,-78.178476,US 522/340,Toray Dr,96.84.236.249,5,6,True,1,,5,False,,,,,,,,,,,,,,,
380,267,93817,38.991549,-78.178476,US 522/340,Toray Dr,96.84.236.249,5,6,True,4,,4,False,,,,,,,,,,,,,,,
381,268,7213,38.030215,-79.049308,US 340,White Hill Rd (654) / Johnson Dr (909),50.227.24.36,5,6,True,1,,5,False,,,,,,,,,,,,,,,
382,269,7213,38.030215,-79.049308,US 340,White Hill Rd (654) / Johnson Dr (909),50.227.24.36,5,6,True,1,,2,False,,,,,,,,,,,,,,,
383,270,7213,38.030215,-79.049308,US 340,White Hill Rd (654) / Johnson Dr (909),50.227.24.36,5,6,True,2,,1,False,,,,,,,,,,,,,,,
384,271,7213,38.030215,-79.049308,US 340,White Hill Rd (654) / Johnson Dr (909),50.227.24.36,5,6,True,2,,6,False,,,,,,,,,,,,,,,
385,272,7213,38.030215,-79.049308,US 340,White Hill Rd (654) / Johnson Dr (909),50.227.24.36,5,6,True,4,,3,False,,,,,,,,,,,,,,,
386,273,7213,38.030215,-79.049308,US 340,White Hill Rd (654) / Johnson Dr (909),50.227.24.36,5,6,True,4,,8,False,,,,,,,,,,,,,,,
387,274,7213,38.030215,-79.049308,US 340,White Hill Rd (654) / Johnson Dr (909),50.227.24.36,5,6,True,3,,7,False,,,,,,,,,,,,,,,
388,275,7213,38.030215,-79.049308,US 340,White Hill Rd (654) / Johnson Dr (909),50.227.24.36,5,6,True,3,,4,False,,,,,,,,,,,,,,,
389,276,7225,38.044320,-78.996687,US 340,Mt. Vernon Rd. (635),50.227.24.6,5,6,True,2,,1,False,,,,,,,,,,,,,,,
390,277,7225,38.044320,-78.996687,US 340,Mt. Vernon Rd. (635),50.227.24.6,5,6,True,1,,2,False,,,,,,,,,,,,,,,
391,278,7225,38.044320,-78.996687,US 340,Mt. Vernon Rd. (635),50.227.24.6,5,6,True,4,,4,False,,,,,,,,,,,,,,,
392,279,7225,38.044320,-78.996687,US 340,Mt. Vernon Rd. (635),50.227.24.6,5,6,True,2,,6,False,,,,,,,,,,,,,,,
393,280,7225,38.044320,-78.996687,US 340,Mt. Vernon Rd. (635),50.227.24.6,5,6,True,3,,8,False,,,,,,,,,,,,,,,
394,281,7212,38.042604,-79.010024,US 340,Augusta Farms Rd (649) / Locust Grove Ln,50.227.24.16,5,6,True,2,,1,False,,,,,,,,,,,,,,,
395,282,7212,38.042604,-79.010024,US 340,Augusta Farms Rd (649) / Locust Grove Ln,50.227.24.16,5,6,True,1,,2,False,,,,,,,,,,,,,,,
396,283,7212,38.042604,-79.010024,US 340,Augusta Farms Rd (649) / Locust Grove Ln,50.227.24.16,5,6,True,4,,3,False,,,,,,,,,,,,,,,
397,284,7212,38.042604,-79.010024,US 340,Augusta Farms Rd (649) / Locust Grove Ln,50.227.24.16,5,6,True,3,,4,False,,,,,,,,,,,,,,,
398,285,7212,38.042604,-79.010024,US 340,Augusta Farms Rd (649) / Locust Grove Ln,50.227.24.16,5,6,True,1,,5,False,,,,,,,,,,,,,,,
399,286,7212,38.042604,-79.010024,US 340,Augusta Farms Rd (649) / Locust Grove Ln,50.227.24.16,5,6,True,2,,6,False,,,,,,,,,,,,,,,
400,287,7219,38.037792,-79.025614,US 340,Gloucester Rd (1512) / Sheetz entrance,50.227.24.21,5,6,True,1,,1,False,,,,,,,,,,,,,,,
401,288,7219,38.037792,-79.025614,US 340,Gloucester Rd (1512) / Sheetz entrance,50.227.24.21,5,6,True,2,,2,False,,,,,,,,,,,,,,,
402,289,7219,38.037792,-79.025614,US 340,Gloucester Rd (1512) / Sheetz entrance,50.227.24.21,5,6,True,3,,4,False,,,,,,,,,,,,,,,
403,290,7219,38.037792,-79.025614,US 340,Gloucester Rd (1512) / Sheetz entrance,50.227.24.21,5,6,True,4,,4,False,,,,,,,,,,,,,,,
404,291,7219,38.037792,-79.025614,US 340,Gloucester Rd (1512) / Sheetz entrance,50.227.24.21,5,6,True,2,,5,False,,,,,,,,,,,,,,,
405,292,7219,38.037792,-79.025614,US 340,Gloucester Rd (1512) / Sheetz entrance,50.227.24.21,5,6,True,1,,6,False,,,,,,,,,,,,,,,
406,293,7204,38.034607,-79.034822,US 340,Tinkling Springs Rd / Draft Ave (608),50.227.24.26,5,6,True,2,,1,False,,,,,,,,,,,,,,,
407,294,7204,38.034607,-79.034822,US 340,Tinkling Springs Rd / Draft Ave (608),50.227.24.26,5,6,True,1,,2,False,,,,,,,,,,,,,,,
408,295,7204,38.034607,-79.034822,US 340,Tinkling Springs Rd / Draft Ave (608),50.227.24.26,5,6,True,4,,3,False,,,,,,,,,,,,,,,
409,296,7204,38.034607,-79.034822,US 340,Tinkling Springs Rd / Draft Ave (608),50.227.24.26,5,6,True,3,,4,False,,,,,,,,,,,,,,,
410,297,7204,38.034607,-79.034822,US 340,Tinkling Springs Rd / Draft Ave (608),50.227.24.26,5,6,True,1,,5,False,,,,,,,,,,,,,,,
411,298,7204,38.034607,-79.034822,US 340,Tinkling Springs Rd / Draft Ave (608),50.227.24.26,5,6,True,2,,6,False,,,,,,,,,,,,,,,
412,299,7204,38.034607,-79.034822,US 340,Tinkling Springs Rd / Draft Ave (608),50.227.24.26,5,6,True,3,,7,False,,,,,,,,,,,,,,,
413,300,7204,38.034607,-79.034822,US 340,Tinkling Springs Rd / Draft Ave (608),50.227.24.26,5,6,True,4,,8,False,,,,,,,,,,,,,,,
414,301,7230,38.033263,-79.038731,US 340,Windmill Square,50.227.24.31,5,6,True,1,,2,False,,,,,,,,,,,,,,,
415,302,7230,38.033263,-79.038731,US 340,Windmill Square,50.227.24.31,5,6,True,3,,4,False,,,,,,,,,,,,,,,
416,303,7230,38.033263,-79.038731,US 340,Windmill Square,50.227.24.31,5,6,True,1,,5,False,,,,,,,,,,,,,,,
417,304,7230,38.033263,-79.038731,US 340,Windmill Square,50.227.24.31,5,6,True,2,,6,False,,,,,,,,,,,,,,,
418,305,7230,38.033263,-79.038731,US 340,Windmill Square,50.227.24.31,5,6,True,4,,8,False,,,,,,,,,,,,,,,
419,306,68804,38.326114,-77.728224,RT 3 ,RT 20,96.82.3.18,5,6,True,1,,2,False,,,,,,,,,,,,,,,
420,307,68804,38.326114,-77.728224,RT 3 ,RT 20,96.82.3.18,5,6,True,2,,1,False,,,,,,,,,,,,,,,
421,308,68804,38.326114,-77.728224,RT 3 ,RT 20,96.82.3.18,5,6,True,3,,3,False,,,,,,,,,,,,,,,
422,309,68804,38.326114,-77.728224,RT 3 ,RT 20,96.82.3.18,5,6,True,4,,4,False,,,,,,,,,,,,,,,
423,310,68804,38.326114,-77.728224,RT 3 ,RT 20,96.82.3.18,5,6,True,1,,5,False,,,,,,,,,,,,,,,
424,311,68804,38.326114,-77.728224,RT 3 ,RT 20,96.82.3.18,5,6,True,2,,6,False,,,,,,,,,,,,,,,
425,319,TESTD4,0,0,Test1,Test2,50.199.30.120,5,9,True,1,,6,False,,,,,,,,,,,,,,,
426,320,TESTD4,0,0,Test1,Test2,50.199.30.120,5,9,True,2,,2,False,,,,,,,,,,,,,,,
427,321,TESTD4,0,0,Test1,Test2,50.199.30.120,5,9,True,1,,1,False,,,,,,,,,,,,,,,
428,322,TESTD4,0,0,Test1,Test2,50.199.30.120,5,9,True,2,,5,False,,,,,,,,,,,,,,,
429,323,TESTD4,0,0,Test1,Test2,50.199.30.120,5,9,True,4,,4,False,,,,,,,,,,,,,,,
430,324,TESTD4,0,0,Test1,Test2,50.199.30.120,5,9,True,4,,7,False,,,,,,,,,,,,,,,
431,325,TESTD4,0,0,Test1,Test2,50.199.30.120,5,9,True,3,,8,False,,,,,,,,,,,,,,,
432,326,TESTD4,0,0,Test1,Test2,50.199.30.120,5,9,True,3,,3,False,,,,,,,,,,,,,,,
